tree
version=v4
num_class=1
num_tree_per_iteration=1
label_index=0
max_feature_idx=42
objective=binary sigmoid:1
feature_names=feat_exact_name_match feat_exact_name_core_match feat_name_jaro_winkler feat_name_levenshtein_sim feat_name_token_jaccard feat_name_token_overlap feat_name_sorted_token_sim feat_name_char_3gram_jaccard feat_name_len_diff feat_name_len_ratio feat_name_token_count_diff feat_name_first_token_match feat_name_last_token_match feat_exact_address_match feat_address_levenshtein_sim feat_address_token_jaccard feat_address_token_overlap feat_postal_exact_match feat_house_number_exact_match feat_house_number_overlap feat_numeric_token_overlap feat_address_len_diff feat_address_token_count_diff feat_address_missing_flag feat_name_sim_x_addr_sim feat_name_sim_plus_addr_sim feat_max_name_addr_sim feat_min_name_addr_sim feat_both_exact feat_name_exact_and_addr_similar feat_addr_exact_and_name_similar feat_block_count feat_block_strength_sum feat_exact_name_hit feat_name_core_hit feat_house_name_hit feat_combined_postal_name_hit feat_rare_token_hit feat_char_3gram_hit feat_address_token_hit feat_candidate_rank feat_is_source2 feat_is_source3
feature_infos=[0:1] [0:1] [0:1] [0:1] [0:1] [0:1] [0:1] [0:1] [0:95] [0.049180328845977783:1] [0:22] [0:1] [0:1] [0:1] [0:1] [0:1] [0:1] [0:1] [0:1] [0:1] [0:1] [0:166] [0:27] [0:1] [0:1] [0.039999999105930328:2] [0.039999999105930328:1] [0:1] [0:1] [0:1] [0:1] [1:7] [1:28] [0:1] [0:1] [0:1] [0:1] [0:1] [0:1] [0:1] [1:96] none none
tree_sizes=3349 3413 3408 3408 3397 3411 3415 3415 3428 3388 3424 3416 3428 3426 3426 3415 3432 3445 3434 3424 3430 3437 3434 3411 3436 3413 3411 3446 3435 3447 3429 3450 3431 3447 3441 3439

Tree=0
num_leaves=31
num_cat=0
split_feature=24 16 7 18 6 10 16 8 1 9 16 16 4 6 6 16 18 15 12 6 10 14 32 2 32 16 10 40 14 7
split_gain=69724.5 13778.7 12596.9 4240.16 2395.49 1683.62 1565.48 1446.4 700.22 911.964 676.29 513.691 3115.89 634.656 356.702 429.722 441.872 353.051 304.739 293.277 280.883 242.744 238.445 148.837 120.444 99.91 80.9962 71.345 66.5823 488.822
threshold=0.4115969985723496 0.73030304908752453 0.26352339982986456 1.0000000180025095e-35 0.85880398750305187 5.5000000000000009 0.96064814925193798 3.5000000000000004 1.0000000180025095e-35 0.81725418567657482 0.55902779102325451 0.57738095521926891 0.41428571939468389 0.82683658599853527 0.87138131260871898 0.93933823704719555 1.0000000180025095e-35 0.82843136787414562 1.0000000180025095e-35 0.94201681017875682 1.5000000000000002 0.48404073715209966 4.5000000000000009 0.73889741301536571 4.5000000000000009 0.91287881135940563 2.5000000000000004 66.500000000000014 1.0000000180025095e-35 0.86754387617111217
decision_type=2 2 2 2 2 2 2 2 2 2 2 2 2 2 2 2 2 2 2 2 2 2 2 2 2 2 2 2 2 2
left_child=1 11 5 4 6 17 8 25 18 -10 -6 28 23 21 15 16 -4 26 -2 22 -19 -14 -12 -13 -25 -7 -3 -9 29 -1
right_child=3 2 14 -5 10 7 -8 27 9 -11 19 12 13 -15 -16 -17 -18 20 -20 -21 -22 -23 -24 24 -26 -27 -28 -29 -30 -31
leaf_value=-4.349926080215571 -3.2319354169253276 -4.3000740610930794 -2.5796461888102065 -1.292862200942245 -3.4112848624681398 -2.2075973084895528 -1.3439992538890499 -4.3742349056510017 -1.4217937355148598 -3.6290949912833095 -1.4681892396170024 -4.3426474527593282 -3.5316536178659943 -1.4444081785201592 -1.2446472653066896 -1.3091748455199745 -1.5683977108595508 -4.1059845364786334 -3.9588029179946771 -1.2622292183423309 -2.6671871018268343 -2.2075973084895599 -2.6604131026053093 -3.2151283721901445 -4.2624639184958477 -1.3209786711687497 -3.9830364506079632 -3.618817199360997 -4.3728402689409096 -3.6762693167972342
leaf_weight=57.592250861227512 2.5562472641468048 8.0905225910246354 1.8277167938649646 9.1258027330040932 0.33231214433908496 0.33231214433908352 0.8052178882062434 0.43456203490495682 0.67740552499890305 0.53681192547082901 0.53681192547082923 16.46223238110543 0.66462428867816814 0.60071810707449913 1.687123194336891 1.2397799231112001 1.1119675599038601 0.44734327122569162 1.4442797042429445 2.2750600650906563 0.42178079858422279 0.33231214433908463 0.53681192547082901 0.34509338065981765 0.35787461698055267 0.52403068915009499 1.5337483584880836 0.3706558533012867 1749.5595337636769 1.7765918485820282
leaf_count=4506 200 633 143 714 26 26 63 34 53 42 42 1288 52 47 132 97 87 35 113 178 33 26 42 27 28 41 120 29 136885 139
internal_value=-4.33371 -4.35841 -3.25779 -1.91178 -2.49401 -3.9925 -2.98552 -2.80944 -3.23899 -2.39765 -1.69018 -4.36927 -4.16105 -2.47145 -1.73556 -1.93373 -2.19713 -4.17983 -3.49435 -1.51938 -3.40774 -3.0903 -2.0643 -4.31831 -3.74832 -1.66504 -4.24955 -4.0265 -4.37143 -4.32977
internal_weight=1864.54 1845.71 18.0215 18.8268 9.70096 12.155 6.01996 1.66156 5.21474 1.21422 3.681 1827.69 18.7629 1.59765 5.86659 4.17946 2.93968 10.4934 4.00053 3.34868 0.869124 0.996936 1.07362 17.1652 0.702968 0.856343 9.62427 0.805218 1808.93 59.3688
internal_count=145881 144408 1410 1473 759 951 471 130 408 95 288 142998 1468 125 459 327 230 821 313 262 68 78 84 1343 55 67 753 63 141530 4645
is_linear=0
shrinkage=1


Tree=1
num_leaves=31
num_cat=0
split_feature=16 7 20 25 16 10 23 7 37 1 4 18 9 16 3 7 20 16 16 5 7 4 12 18 37 3 24 16 25 4
split_gain=7764 312.066 288.955 128.865 111.898 97.0015 66.337 310.247 295.108 97.8032 59.8893 106.544 57.1615 49.3239 44.0926 40.4746 67.1051 35.6904 34.1874 746.068 127.699 31.8979 30.0986 42.9624 29.2701 24.895 18.6363 16.5627 16.4183 16.2261
threshold=0.55902779102325451 0.2327174320816994 0.77500000596046459 1.3096750378608706 0.38675214350223547 1.5000000000000002 1.0000000180025095e-35 0.77525508403778087 1.0000000180025095e-35 1.0000000180025095e-35 0.10555555671453477 1.0000000180025095e-35 0.46470099687576299 0.87867647409439098 0.87939393520355236 0.44912748038768774 0.77500000596046459 0.91287881135940563 0.41885964572429663 0.93750000000000011 0.6760731339454652 0.63068181276321422 1.0000000180025095e-35 1.0000000180025095e-35 1.0000000180025095e-35 0.89009663462638866 0.079597000032663359 0.71825397014617931 1.1937434673309328 0.47727273404598242
decision_type=2 2 2 2 2 2 2 2 2 2 2 2 2 2 2 2 2 2 2 2 2 2 2 2 2 2 2 2 2 2
left_child=3 2 13 6 -5 28 18 21 -9 -10 11 -3 -7 26 -6 16 29 -14 -1 20 -20 25 23 -17 -23 -8 27 -2 -4 -12
right_child=1 10 5 4 14 12 7 8 9 -11 15 -13 17 -15 -16 22 -18 -19 19 -21 -22 24 -24 -25 -26 -27 -28 -29 -30 -31
leaf_value=-0.040068950006222626 0.0062855856936054125 0.5006258062663147 -0.0082644317364848913 -0.041272181045688694 0.19558572876824962 0.56165538294216366 -0.030770369574141299 0.043042121155002618 0.45424309712518435 1.0184958780869047 -0.022903854114137614 0.21309808419063761 0.40613316306619796 0.17459990952536233 0.52198306772446634 0.24190255914703046 0.19873785997525273 0.21615726546846439 -0.031394601058087904 1.6821718605385956 0.71754755544727222 -0.040516310096970563 0.18453516749510115 0.19197102730695748 0.33670368508064935 0.31275320919635596 -0.030112225029270103 0.14847014384163601 0.27637493673169766 0.18783078836281356
leaf_weight=1652.6127602588385 4.2732306048274102 2.8525060759857279 2.4780970709398384 2.2438161280006161 1.4796562138944866 1.1270747445523728 53.355547474697232 2.8593660239130259 1.2929298188537353 0.79293237626552571 4.1268418040126544 7.4406571360304952 2.0494320373982173 2.5332054896280161 1.1986458916217086 47.541803057305515 7.4294839221984148 6.9409222528338432 26.340325672179468 0.41793147847056289 0.36936751939356227 0.59130175225436687 126.18903016578406 65.636915482580662 0.74227241240441688 0.33968398533761401 19.056035978719592 1.8908568825572727 0.37304135691374529 0.68108805269002903
leaf_count=134325 339 41 187 152 23 48 4241 145 79 42 179 49 74 64 31 564 77 68 2139 32 30 47 873 405 59 27 1429 89 15 8
internal_value=-0.00484127 0.182192 0.0791808 -0.0372837 0.167096 0.235054 -0.0378619 0.00347503 0.306958 0.668742 0.19821 0.29278 0.293128 0.00634422 0.341661 0.194341 0.123386 0.259464 -0.0393378 0.00520235 -0.0210375 -0.0237978 0.197968 0.212945 0.169446 -0.0285972 -0.010556 0.0499012 0.0289776 0.00694867
internal_weight=2047.26 302.62 40.7219 1744.64 4.92212 12.9686 1739.71 59.974 4.94523 2.08586 261.898 10.2932 10.1174 27.7533 2.6783 251.605 12.2374 8.99035 1679.74 27.1276 26.7097 55.0288 239.368 113.179 1.33357 53.6952 25.2201 6.16409 2.85114 4.80793
internal_count=145881 4509 2313 141372 206 392 141166 4640 266 121 2196 90 190 1921 54 2106 264 142 136526 2201 2169 4374 1842 969 106 4268 1857 428 202 187
is_linear=0
shrinkage=0.04


Tree=2
num_leaves=31
num_cat=0
split_feature=15 2 20 31 20 14 6 15 3 9 14 40 15 40 23 2 37 40 12 14 40 6 5 8 20 10 40 20 6 2
split_gain=6493.35 331.543 231.295 75.0038 226.814 144.653 72.7293 63.0567 65.4582 51.4977 73.9553 45.5982 37.6912 30.0335 28.7158 109.699 111.795 53.2358 24.4633 36.319 29.2703 40.968 20.6742 19.6015 40.6208 18.82 24.6334 18.2981 123.168 18.2172
threshold=0.29520697891712194 0.68793377280235302 0.77500000596046459 2.5000000000000004 0.77500000596046459 1.0000000180025095e-35 0.13840996474027636 0.12310606241226198 0.85239651799201976 0.86425063014030468 0.6012820601463319 1.5000000000000002 0.78759399056434642 21.500000000000004 1.0000000180025095e-35 0.93463286757469188 1.0000000180025095e-35 16.500000000000004 1.0000000180025095e-35 0.74133810400962841 6.5000000000000009 0.79795917868614208 0.77500000596046459 4.5000000000000009 0.77500000596046459 5.5000000000000009 66.500000000000014 0.55000001192092907 0.79795917868614208 0.91515415906906139
decision_type=2 2 2 2 2 2 2 2 2 2 2 2 2 2 2 2 2 2 2 2 2 2 2 2 2 2 2 2 2 2
left_child=3 2 12 14 5 11 9 -7 -9 10 -4 -5 25 -8 27 22 -17 -18 19 20 -3 -22 -16 -20 -25 -2 -27 -1 29 -29
right_child=1 18 6 4 -6 7 13 8 -10 -11 -12 -13 -14 -15 15 16 17 -19 23 -21 21 -23 -24 24 -26 26 -28 28 -30 -31
leaf_value=-0.040102204366220175 -0.017928905683429995 0.191714740839588 0.097748470083269021 0.36200420007397333 0.53831872721564455 -0.040487072148620989 0.18128151907017817 0.0047705199503012214 0.40314344556591247 0.19534364998973522 0.55588217732284562 0.0086254003915524086 0.15954500341010236 0.030154902619451817 -0.033351913198685697 0.023392785931526355 0.54213239112873446 0.045823276161969399 0.16353552186741649 0.16531210544541175 0.31420830965775148 0.16621316989483922 0.082337480326117679 -0.0023720094169189759 0.1620172028068709 -0.0062336021389996386 0.20735941046195119 -0.031768626460873743 0.36364745078409727 0.16723467662829458
leaf_weight=1554.7368658445776 29.697783194482327 50.67203295789659 0.85077980067581238 2.1782408747822042 1.2975259544327844 30.4714559847489 3.4330535298213345 1.7121653025969856 1.0738455699756739 8.4418156230822188 1.6712082605808971 0.79836602322757233 2.3125725043937555 5.4347365768626332 50.324987201020122 3.1155387349426746 1.3717167302966107 0.46234889794141043 128.43536911439151 84.183022372424603 8.0738732889294607 4.7554571125656357 2.5991541761904946 3.5963289607316238 7.2604326894506812 2.1685338206589218 1.4359935177490113 26.872370740398772 1.3596491534262884 0.75673262402415176
leaf_count=131222 2227 438 32 66 38 2571 32 108 41 78 45 29 45 237 4101 181 68 31 778 616 113 30 164 83 49 104 56 2216 45 37
internal_value=-0.00485193 0.153898 0.064354 -0.0372255 0.0186851 7.72824e-05 0.173836 -0.0238328 0.15832 0.242727 0.401333 0.267223 0.00339071 0.0886617 -0.0385038 -0.0108289 0.16925 0.417018 0.171198 0.18254 0.205379 0.259351 -0.0276703 0.159173 0.107563 -0.00745293 0.0788589 -0.0395151 -0.00802771 -0.0263181
internal_weight=2021.55 342.423 55.4465 1679.13 37.5316 36.2341 19.8316 33.2575 2.78601 10.9638 2.52199 2.97661 35.6149 8.86779 1641.6 57.8737 4.9496 1.83407 286.977 147.684 63.5014 12.8293 52.9241 139.292 10.8568 33.3023 3.60453 1583.73 28.9888 27.6291
internal_count=145881 4963 2856 140918 2853 2815 424 2720 149 155 77 95 2432 269 138065 4545 280 99 2107 1197 581 143 4265 910 132 2387 160 133520 2298 2253
is_linear=0
shrinkage=0.04


Tree=3
num_leaves=31
num_cat=0
split_feature=16 2 20 31 16 14 14 16 24 2 23 2 37 27 14 4 18 16 20 8 18 16 5 9 32 9 4 5 20 2
split_gain=5717.06 181.517 149.237 85.6891 236.643 120.041 80.4973 36.7995 36.1791 32.4788 28.8373 86.4371 53.7062 25.5778 24.4274 20.7113 28.0094 37.7701 25.8256 49.045 31.4896 44.9765 29.4913 29.4632 20.0156 23.3708 19.8971 18.6793 16.6392 119.946
threshold=0.55902779102325451 0.68793377280235302 0.77500000596046459 2.5000000000000004 0.36602871119976049 1.0000000180025095e-35 0.43256238102912908 0.83771929144859325 0.19157499819993976 0.51252412796020519 1.0000000180025095e-35 0.93463286757469188 1.0000000180025095e-35 0.65648320317268383 0.74133810400962841 0.080128207802772536 1.0000000180025095e-35 0.89736840128898632 0.77500000596046459 4.5000000000000009 1.0000000180025095e-35 0.93541666865348827 0.81666666269302379 0.8532998561859132 2.5000000000000004 0.46470099687576299 0.47727273404598242 0.77500000596046459 0.77500000596046459 0.93116265535354625
decision_type=2 2 2 2 2 2 2 2 2 2 2 2 2 2 2 2 2 2 2 2 2 2 2 2 2 2 2 2 2 2
left_child=3 2 7 10 5 -5 8 26 -6 -4 13 27 -13 28 -9 16 17 -3 19 23 21 -20 -21 -17 25 -11 -2 -12 -1 -30
right_child=1 15 9 4 6 -7 -8 14 -10 24 11 12 -14 -15 -16 18 -18 -19 20 22 -22 -23 -24 -25 -26 -27 -28 -29 29 -31
leaf_value=-0.040150093328503431 -0.013252152982491355 0.39313237724733902 0.18778460389662255 0.19894840051626253 0.32583454885741497 -0.039168508132113138 0.16672666021816987 0.25544071341233593 0.70481094296914237 0.20629319404110974 -0.033098783126620644 0.021947843778129843 0.263069198371916 0.31484494750402453 0.058146526022936608 0.22602687553946291 0.1552269695194278 0.16787223012408733 0.20616758271141 4.5480481068526023e-05 0.14441999479596329 0.13834484801061114 0.10576728383749813 0.13452325466763293 0.16470310439094987 0.0013351315063661704 0.28375796672209797 0.072910591512356945 -0.025380534421565723 0.41163671648883665
leaf_weight=1500.9122971557081 24.633092503063388 2.2849534517154071 13.24984296411276 3.8095102272927752 0.76150489412248024 30.572788534685969 2.5882495529949665 1.3168582636862982 0.85621955525130033 1.1129146479070167 48.714098719879985 3.1863214271143079 2.7567197484895578 0.32584028691053291 4.2273905230686069 6.5139444358646861 8.7381197726354003 2.4875136539340019 36.824574086815119 6.2615086771547803 169.22881878074259 27.199459670111537 12.95891884714365 41.499206732958555 3.4779720138758421 4.4471266344189644 0.36624979600310226 2.8130307337269178 26.046308153308932 1.0451893405988801
leaf_count=131726 1825 36 178 95 36 2656 54 27 22 24 4101 181 99 4 135 72 50 14 252 137 870 137 159 373 28 187 5 164 2202 32
internal_value=-0.00482589 0.137801 0.069204 -0.0370346 0.0218598 -0.0127855 0.305073 0.0117757 0.526417 0.147904 -0.0384677 -0.0106514 0.133794 -0.0395137 0.105007 0.149342 0.19779 0.275722 0.147164 0.125322 0.15346 0.177354 0.0713259 0.146938 0.0894397 0.0423602 -0.00890084 -0.0273114 -0.0395893 -0.00852042
internal_weight=1991.22 366.828 52.8314 1624.39 38.5883 34.3823 4.20597 30.5436 1.61772 22.2879 1585.8 57.4702 5.94304 1528.33 5.54425 313.997 13.5106 4.77247 300.486 67.2336 233.253 64.024 19.2204 48.0132 9.03801 5.56004 24.9993 51.5271 1528 27.0915
internal_count=145881 4509 2409 141372 2863 2751 112 1992 58 417 138509 4545 280 133964 162 2100 100 50 2000 741 1259 389 296 445 239 211 1830 4265 133960 2234
is_linear=0
shrinkage=0.04


Tree=4
num_leaves=31
num_cat=0
split_feature=16 7 7 31 16 14 16 7 9 14 7 9 27 10 20 8 4 5 18 26 16 3 20 7 27 3 9 40 16 16
split_gain=5053.07 145.183 129.773 82.2879 164.141 97.2544 43.4924 33.8707 30.5811 28.8743 76.2362 25.6289 20.9952 20.4224 20.0679 43.1826 28.0693 33.543 27.6815 42.5375 68.2102 19.4208 16.5814 90.5737 15.5447 29.1931 15.1306 15.111 23.4157 14.8371
threshold=0.55902779102325451 0.2327174320816994 1.0000000180025095e-35 2.5000000000000004 0.36602871119976049 1.0000000180025095e-35 0.82843136787414562 0.70782518386840831 0.78629976511001598 1.0000000180025095e-35 0.63003221154212963 0.31455026566982275 0.65648320317268383 1.5000000000000002 0.77500000596046459 4.5000000000000009 0.10555555671453477 0.81666666269302379 1.0000000180025095e-35 0.90550595521926891 0.93541666865348827 0.64549729228019725 0.77500000596046459 0.72157621383667003 0.15345369279384616 0.17694497108459475 0.8532998561859132 60.500000000000007 0.87867647409439098 0.96064814925193798
decision_type=2 2 2 2 2 2 2 2 2 2 2 2 2 2 2 2 2 2 2 2 2 2 2 2 2 2 2 2 2 2
left_child=3 2 8 9 5 -5 -4 -6 24 10 -1 -8 22 21 15 26 -17 -18 19 20 -16 -12 -11 -24 29 -26 -3 -10 -29 -2
right_child=1 14 6 4 7 -7 11 -9 27 12 13 -13 -14 -15 18 16 17 -19 -20 -21 -22 -23 23 -25 25 -27 -28 28 -30 -31
leaf_value=-0.034264142977248321 -0.027819967077444021 0.18651455070832909 -0.026905284944194304 0.15999401948957945 0.062450213773739625 -0.039099166556367429 0.29508870895419598 0.28554938865162244 0.072269785641242423 -0.04011880469657754 0.23486867951747489 0.059095834437069991 0.25723692401332998 0.31508856325795692 0.23042320184344856 0.23620056443409007 -0.0085687437001043341 0.094816231849364038 0.13014688186461149 0.12510276747121477 0.12490101824127045 0.051450813745958446 -0.026500641828958883 0.28973883452741894 0.45173609157129113 0.02024711944110567 0.1259843888240639 0.28997608960825239 0.1554227948247052 0.17366254458373478
leaf_weight=45.066848171874881 2.9974818956106932 7.7019310668110839 20.468578414991502 4.5300647076219311 1.5039084730669845 29.42506514955312 0.82230411656200786 3.9446463901549578 2.3038694439455858 1443.0886579100043 1.0139369908720226 7.0395442089065909 0.38149884715676208 0.56058119796216566 23.56386317871511 1.5136958602815891 7.785871099680663 14.140623118728399 192.95562321040779 32.61777818761766 16.781385265290737 10.371657982468603 25.289199141785506 1.5371501827612508 0.40568990260362603 0.65742665994912386 46.495262700133026 2.6224083257839075 9.8125765984877926 0.72652167640626419
leaf_count=3896 170 75 1569 95 63 2656 15 49 57 131721 53 299 4 25 180 12 195 161 938 155 79 576 2182 52 21 49 401 66 58 9
internal_value=-0.00478973 0.123767 0.0584945 -0.0369071 0.0201656 -0.0125375 0.0038103 0.22397 0.137836 -0.0383795 -0.0104498 0.0837793 -0.0394626 0.0793898 0.132859 0.114968 0.0696061 0.0581053 0.138083 0.15907 0.186532 0.067785 -0.0395396 -0.00838012 0.0499999 0.184905 0.134586 0.166365 0.183799 0.0114876
internal_weight=1958.13 391.412 47.8564 1566.71 39.4037 33.9551 28.3304 5.44855 19.526 1527.31 57.013 7.86185 1470.3 11.9462 343.556 77.6374 23.4402 21.9265 265.919 72.963 40.3452 11.3856 1469.92 26.8263 4.78712 1.06312 54.1972 14.7389 12.435 3.724
internal_count=145881 4509 2313 141372 2863 2751 1883 112 430 138509 4550 314 133959 654 2196 844 368 356 1352 414 259 629 133955 2234 249 70 476 181 124 179
is_linear=0
shrinkage=0.04


Tree=5
num_leaves=31
num_cat=0
split_feature=16 2 20 25 23 2 37 21 15 16 4 20 24 16 5 10 26 5 20 8 10 1 26 16 35 38 26 15 21 5
split_gain=4520.61 122.374 106.595 79.9503 62.2162 126.156 50.3216 41.1757 35.8642 32.7639 124.86 46.1191 26.7993 22.9666 20.7668 20.5129 17.8776 15.8218 15.6367 22.3877 19.0061 28.5127 17.6567 18.9824 34.3905 13.4216 12.7487 12.7066 11.9394 12.2161
threshold=0.55902779102325451 0.70457974076271068 0.77500000596046459 1.3096750378608706 1.0000000180025095e-35 0.9384731948375703 1.0000000180025095e-35 49.500000000000007 0.19292803853750232 0.41885964572429663 0.47727273404598242 0.77500000596046459 0.1034585013985634 0.71825397014617931 0.77500000596046459 1.5000000000000002 0.68819445371627819 0.61250001192092907 0.70833334326744091 4.5000000000000009 1.5000000000000002 1.0000000180025095e-35 0.90550595521926891 0.94281044602394115 1.0000000180025095e-35 1.0000000180025095e-35 0.90070420503616344 0.85092595219612133 1.0000000180025095e-35 0.93750000000000011
decision_type=2 2 2 2 2 2 2 2 2 2 2 2 2 2 2 2 2 2 2 2 2 2 2 2 2 2 2 2 2 2
left_child=3 2 12 4 9 14 -7 -8 -5 -1 -11 -12 13 -2 -6 17 -15 -4 19 28 21 -21 23 24 -20 -16 -10 -14 29 -3
right_child=1 18 15 8 5 6 7 -9 26 10 11 -13 27 16 25 -17 -18 -19 22 20 -22 -23 -24 -25 -26 -27 -28 -29 -30 -31
leaf_value=-0.039922392433205965 0.0032749661289867907 0.012449172834312768 0.022420873099421538 -0.041304674137420658 -0.032706207239563224 0.014329037452038897 0.13933802407553653 0.3804388288826589 0.096794330038206977 -0.035107344923984145 0.078548877773450695 0.32876220961609065 -0.022869826922157468 0.20791950242568574 0.21106376813121006 0.13855989249037118 0.064113036511266833 0.14340731169155116 0.1758017932811094 0.014648815635246969 0.13981039526306269 0.12553780331538167 0.11694689928655129 0.11396311270842255 0.12500492208631042 0.025944966970343458 0.22619965824999066 0.17422439504672591 0.12611510802822276 0.1201071170551984
leaf_weight=1415.1050274539739 6.3911948949098569 3.1835933607071629 5.2417208040133145 2.06366985104978 46.389607609249651 4.3271910147741437 5.6912092212587577 1.4151650108397005 2.5948930811136961 22.445322353392843 2.6400322606787077 2.1292248107492924 19.497887723147873 2.0498693892732263 0.79350167512893621 20.333492605015635 4.2526828702539206 2.5809870399534702 38.657892970368266 11.268605802208191 5.0271201608702532 5.5311381220817557 148.58724660426378 38.378785967826843 47.56054780818522 2.9800833351910114 2.2957914303988218 0.5377988126128902 49.500054378993809 3.5859353207051754
leaf_count=134325 511 35 216 150 4118 198 112 30 30 2064 109 28 1343 61 42 206 113 14 241 195 56 34 666 170 232 140 26 7 389 20
internal_value=-0.00474709 0.112673 0.0603203 -0.0367793 -0.037405 0.00196373 0.121868 0.187351 0.0985338 -0.0390863 0.00438679 0.190256 0.0112307 0.0567044 -0.0253658 0.117383 0.110885 0.0623386 0.121747 0.105963 0.0715761 0.0511578 0.126259 0.137364 0.147781 0.0648714 0.15754 -0.0175794 0.119301 0.0694774
internal_weight=1923.04 412.167 60.8856 1510.87 1503.92 61.5968 11.4336 7.10637 6.95435 1442.32 27.2146 4.76926 32.7294 12.6937 50.1632 28.1562 6.30255 7.82271 351.281 78.0964 21.8269 16.7997 273.184 124.597 86.2184 3.77359 4.89068 20.0357 56.2696 6.76953
internal_count=145881 4509 2471 141372 141166 4640 340 142 206 136526 2201 137 2035 685 4300 436 174 230 2038 729 285 229 1309 643 473 182 56 1350 444 55
is_linear=0
shrinkage=0.04


Tree=6
num_leaves=31
num_cat=0
split_feature=16 2 20 31 16 14 23 2 6 3 8 21 2 5 37 20 6 15 6 2 20 3 9 21 10 14 6 16 35 24
split_gain=4085.13 104.485 89.3564 77.2774 109.873 69.7716 29.1043 60.1802 25.6541 24.4957 24.226 27.492 26.497 35.4623 20.2811 18.7738 91.0838 59.0141 18.0019 16.1357 15.2846 18.6001 24.5689 20.4082 23.2666 15.2452 12.736 25.9933 44.9422 11.237
threshold=0.55902779102325451 0.70457974076271068 0.77500000596046459 2.5000000000000004 0.36602871119976049 1.0000000180025095e-35 1.0000000180025095e-35 0.89777886867523204 0.13840996474027636 0.55291152000427257 2.5000000000000004 54.500000000000007 0.41592016816139227 0.61250001192092907 1.0000000180025095e-35 0.55000001192092907 0.72804316878318798 0.12310606241226198 0.38379706442356115 0.91515415906906139 0.70833334326744091 0.82426470518112194 0.87627550959587108 1.0000000180025095e-35 1.5000000000000002 0.43256238102912908 0.86285266280174266 0.93541666865348827 1.0000000180025095e-35 0.21198299527168277
decision_type=2 2 2 2 2 2 2 2 2 2 2 2 2 2 2 2 2 2 2 2 2 2 2 2 2 2 2 2 2 2
left_child=3 2 10 6 5 -5 15 -8 -4 -9 12 -12 -2 -14 -11 -1 19 -18 29 -17 21 23 -23 -3 -25 -6 27 28 -22 -10
right_child=1 20 8 4 25 -7 7 9 18 14 11 -13 13 -15 -16 16 17 -19 -20 -21 26 22 -24 24 -26 -27 -28 -29 -30 -31
leaf_value=-0.040028187053727939 0.15469859931545385 0.016312522103654074 0.13951193084757957 0.11360860869610884 0.22383065717453882 -0.038955455984286833 -0.030634199535440047 0.34133603388831957 -0.01109081396846711 -0.0049150630459305266 -0.014145606172757086 0.29143805802711326 -0.030569672010819216 0.37369492404274518 0.10707318475387095 -0.038705653546708865 -0.040788677215919091 0.33097435840615386 0.11726781338622637 0.13666439666641311 0.17955086063980635 0.20611896925413817 0.10538534214817169 0.077894303454884656 0.17224382072574154 0.10489249168349341 0.10803709730826901 0.10657762488163368 0.11576429581904733 0.093285696767990617
leaf_weight=1334.2261161012575 3.4684086684137574 7.0670667914673677 16.520431500859562 5.8210909590125075 3.393890503793954 27.239896739833057 44.694573259912431 0.51990042813122173 4.9694492705166322 4.4543914087116709 24.741369828581814 0.48019060026854177 3.8688124855980277 0.38140754774212826 6.1733002290129653 23.131801182404168 1.0495820464566343 1.9571226891130207 5.8688960988074541 0.87106549646705289 29.43481077440083 4.3553331438451997 35.05124738253653 30.73263752553612 4.8405801355838767 3.5050476333126426 145.56403351388872 65.213093534111977 44.229491213336587 2.4708622414618731
leaf_count=131654 42 84 153 95 58 2656 4030 17 205 253 1692 24 273 4 245 2191 63 31 34 25 189 42 193 359 51 54 629 282 209 44
internal_value=-0.00470105 0.10375 0.0560651 -0.0366518 0.0182056 -0.0120933 -0.0381988 -0.00989611 0.106217 0.0732501 0.0106491 -0.00832763 0.0726579 0.00570835 0.0601355 -0.0393598 -0.00634373 0.201199 0.0648884 -0.0323415 0.111917 0.0967075 0.116519 0.0783986 0.0907328 0.163403 0.116304 0.12497 0.141252 0.0235717
internal_weight=1886.3 429.258 62.7698 1457.04 39.9599 33.061 1417.08 55.8422 29.8296 11.1476 32.9402 25.2216 7.71863 4.25022 10.6277 1361.24 27.0096 3.0067 13.3092 24.0029 366.488 82.0469 39.4066 42.6403 35.5732 6.89894 284.441 138.877 73.6643 7.44031
internal_count=145881 4509 2471 141372 2863 2751 138509 4545 436 515 2035 1716 319 277 498 133964 2310 94 283 2216 2038 729 235 494 410 112 1309 680 398 249
is_linear=0
shrinkage=0.04


Tree=7
num_leaves=31
num_cat=0
split_feature=16 2 31 16 20 14 23 2 16 6 26 16 20 6 15 37 40 20 8 40 10 32 2 18 6 16 6 8 9 6
split_gain=3716.76 90.0642 74.848 90.1311 74.011 61.2967 29.177 53.8296 23.9037 21.7382 19.5873 32.9388 18.4399 77.3507 41.9523 18.0225 25.1647 17.0565 18.8943 15.9643 15.3787 16.0348 14.2462 12.4511 24.7492 53.4893 12.4443 9.99739 9.75445 9.59393
threshold=0.55902779102325451 0.68793377280235302 2.5000000000000004 0.36602871119976049 0.77500000596046459 1.0000000180025095e-35 1.0000000180025095e-35 0.89314278960227977 0.91287881135940563 0.13840996474027636 0.68819445371627819 0.70714285969734203 0.55000001192092907 0.72804316878318798 0.12310606241226198 1.0000000180025095e-35 2.5000000000000004 0.77500000596046459 4.5000000000000009 20.500000000000004 1.5000000000000002 6.5000000000000009 0.91515415906906139 1.0000000180025095e-35 0.86285266280174266 0.93541666865348827 0.85239651799201976 13.500000000000002 0.8532998561859132 0.77664399147033703
decision_type=2 2 2 2 2 2 2 2 2 2 2 2 2 2 2 2 2 2 2 2 2 2 2 2 2 2 2 2 2 2
left_child=2 4 6 5 8 -4 12 -8 10 -6 11 -2 -1 22 -15 -9 -17 18 28 -11 21 -20 -14 24 25 -19 -5 -22 -3 -30
right_child=1 17 3 26 9 -7 7 15 -10 19 -12 -13 13 14 -16 16 -18 23 20 -21 27 -23 -24 -25 -26 -27 -28 -29 29 -31
leaf_value=-0.039996237732943023 -0.012544644430141888 0.13759447497837823 0.099430714703700587 0.075753833237346274 0.12549222433742116 -0.038882161800761303 -0.031094209481018324 0.001363619002204166 0.1086751028585904 0.11172056521140589 -0.029843848193629074 0.13298196734868176 -0.038622375580882315 -0.040757308379011245 0.26842595598373226 0.21633248032836366 0.056063800149835571 0.18796256783276455 0.013285465915487118 0.014764730027670212 0.15542497265406627 0.091384945891976113 0.11868827091402021 0.1028212459136653 0.099709355882144385 0.097172958213356628 0.18049945472411597 0.05304547656238448 0.059967507963348314 0.10175396471210561
leaf_weight=1282.9139193240553 7.0872403392568284 9.2315080612897855 6.3726164009422055 2.9382659122347823 17.371962669305507 26.220155615359545 42.697111574932933 4.739400059916079 3.4129709713160983 4.5761334802955371 17.324891585856676 3.8351678662002087 22.271754809655256 1.0091878324747079 2.3080983841791749 2.1615488883107883 5.703952232375741 20.967892056331038 12.209266793914145 6.6889575626701117 3.6489884825423351 6.4168107397854319 0.96082995273172755 211.36330822482705 42.986149415373802 20.567188922315836 4.7460883222520351 2.6231564953923225 11.099864378571509 42.266036346554756
leaf_count=131654 577 74 95 75 152 2656 3977 270 50 32 1226 139 2191 63 31 64 234 139 210 233 40 35 25 917 183 88 37 29 158 227
internal_value=-0.00465448 0.0962749 -0.0365255 0.0172154 0.0508318 -0.0118389 -0.0381115 -0.00965194 0.00868485 0.0974281 -0.00339644 0.0385539 -0.0393134 -0.00631744 0.174366 0.0629804 0.100108 0.103422 0.0879069 0.0541504 0.0584337 0.0401913 -0.0321165 0.10801 0.120986 0.143006 0.140448 0.112607 0.0996299 0.0930626
internal_weight=1848.72 443.677 1405.04 40.2771 60.2973 32.5928 1364.77 55.302 31.6603 28.6371 28.2473 10.9224 1309.46 26.5499 3.31729 12.6049 7.8655 383.38 87.4956 11.2651 24.8982 18.6261 23.2326 295.885 84.5212 41.5351 7.68435 6.27214 62.5974 53.3659
internal_count=145881 4509 141372 2863 2409 2751 138509 4545 1992 417 1942 716 133964 2310 94 568 298 2100 773 265 314 245 2216 1327 410 227 112 69 459 385
is_linear=0
shrinkage=0.04


Tree=8
num_leaves=31
num_cat=0
split_feature=15 7 7 31 20 14 23 7 20 15 18 20 6 15 9 32 20 8 4 5 27 9 7 4 4 15 5 18 6 15
split_gain=3384.16 111.437 86.9102 61.974 57.9304 44.3409 29.1376 55.9537 24.9885 22.2685 19.2559 16.9644 50.7715 19.8773 16.5322 16.4069 15.9798 26.6248 16.6069 22.4214 14.7522 24.9135 13.4503 17.6485 15.816 10.8661 9.20029 8.63136 14.635 25.9332
threshold=0.29520697891712194 0.2327174320816994 1.0000000180025095e-35 2.5000000000000004 0.45000000298023229 1.0000000180025095e-35 1.0000000180025095e-35 0.63003221154212963 0.77500000596046459 0.12310606241226198 1.0000000180025095e-35 0.55000001192092907 0.73401361703872692 0.13100686669349673 0.78629976511001598 17.500000000000004 0.77500000596046459 4.5000000000000009 0.11437908560037614 0.81666666269302379 0.15345369279384616 0.44543650746345526 0.86754387617111217 0.73214286565780651 0.73214286565780651 0.70294117927551281 0.93750000000000011 1.0000000180025095e-35 0.86285266280174266 0.82843136787414562
decision_type=2 2 2 2 2 2 2 2 2 2 2 2 2 2 2 2 2 2 2 2 2 2 2 2 2 2 2 2 2 2
left_child=3 2 14 6 5 -5 11 -8 -4 -7 -10 -1 26 -14 20 -11 17 -3 -19 -20 -2 -22 23 -9 -24 -12 -13 28 29 -18
right_child=1 16 8 4 -6 9 7 22 10 15 25 12 13 -15 -16 -17 27 18 19 -21 21 -23 24 -25 -26 -27 -28 -29 -30 -31
leaf_value=-0.039898775004108281 0.00061017704123233021 0.096042453038732101 -0.027139424463670556 0.088195953394844415 0.16079136620532591 -0.040384493659347348 -0.033509228616931973 0.01050319981964019 0.16367548373262025 0.017080971629570008 -0.029705239469910511 -0.032464652465464934 -0.0015123149805781274 0.21362460779879228 0.11332250376744017 0.2028241003978469 0.15353760952081874 0.16210830145238694 -0.012306547311646888 0.066954997566686533 0.33626551088101847 0.0057068297076464892 0.22328285430233777 0.15394977093478254 0.060952844305971789 0.068404143662904565 0.10604556002437138 0.096855512203388325 0.095139416046388411 0.091097744991054969
leaf_weight=1230.2777215577662 4.5014075962826636 65.971924158744514 23.701993362046778 6.8855511732399455 3.8271684627979985 24.043606975115839 40.412123500369489 8.5337617630138975 1.9098742082715015 3.7473015468567601 3.5034564584493637 22.721945772878833 1.018262556754052 2.1131227407604456 18.242451613768935 0.95474759209901083 25.967817861586809 1.9452788159251237 8.5026860022917408 17.387554187327623 0.63265806902199961 0.86163606680929661 1.4911644998937834 1.6352543588727702 2.6976354476064444 3.7284361012279987 0.79410256166010995 221.09743403270841 43.030051685869694 18.033698495477438
leaf_count=131222 202 477 1975 95 62 2557 3892 497 45 125 172 2176 63 24 189 14 149 12 221 166 22 61 25 62 69 69 35 945 181 77
internal_value=-0.00460676 0.0892278 0.0369293 -0.0364846 0.0129077 -0.00297654 -0.0379704 -0.00941064 -0.00547104 -0.0248154 0.0507089 -0.0392149 -0.00763953 0.143666 0.0943836 0.054796 0.0966551 0.0822003 0.0493934 0.0409245 0.0367605 0.14566 0.0584183 0.0335705 0.11874 0.0208755 -0.0277874 0.101056 0.111726 0.127947
internal_weight=1810.17 459.018 57.0819 1351.15 39.4584 35.6312 1311.7 54.7699 32.8438 28.7457 9.14177 1256.93 26.6474 3.13139 24.2382 4.70205 401.936 93.8074 27.8355 25.8902 5.9957 1.49429 14.3578 10.169 4.1888 7.23189 23.516 308.129 87.0316 44.0015
internal_count=145881 4963 2735 140918 2853 2791 138065 4545 2261 2696 286 133520 2298 87 474 139 2228 876 399 387 285 83 653 559 94 241 2211 1352 407 226
is_linear=0
shrinkage=0.04


Tree=9
num_leaves=31
num_cat=0
split_feature=16 2 16 23 7 20 26 24 21 20 7 40 4 2 15 16 16 7 24 2 3 4 8 25 8 2 7 2 7 31
split_gain=3140.89 131.849 86.3258 60.2763 79.547 24.4601 31.3283 24.3272 21.0068 19.0876 20.1176 15.7914 15.0093 18.0213 14.2233 13.2573 12.8151 85.4591 25.1972 12.0667 11.7683 11.0887 8.98941 8.46608 7.9951 25.2529 11.3618 7.68199 8.56671 6.56918
threshold=0.48684211075305944 0.70457974076271068 0.69615384936332714 1.0000000180025095e-35 0.63003221154212963 0.77500000596046459 0.70064935088157665 0.4115969985723496 2.5000000000000004 0.77500000596046459 0.81605800986289989 1.5000000000000002 0.10555555671453477 0.90912610292434703 0.8441295623779298 0.57738095521926891 0.36602871119976049 0.6760731339454652 0.20288050174713138 0.88837432861328136 0.64126753807067882 0.41428571939468389 3.5000000000000004 1.2581989765167239 1.5000000000000002 0.41592016816139227 0.37424698472023016 0.51252412796020519 0.20948986709117892 3.5000000000000004
decision_type=2 2 2 2 2 2 2 2 2 2 2 2 2 2 2 2 2 2 2 2 2 2 2 2 2 2 2 2 2 2
left_child=3 2 24 7 -5 6 8 16 -4 10 12 22 -3 -14 -8 23 -1 19 -19 -18 -13 -22 29 -11 25 -2 -27 -7 -29 -6
right_child=1 9 5 4 11 27 14 -9 -10 15 -12 20 13 -15 -16 -17 17 18 -20 -21 21 -23 -24 -25 -26 26 -28 28 -30 -31
leaf_value=-0.040232144794369179 0.31784780192924472 0.13867381892316108 0.26264742362227833 -0.032380985701692511 0.038848774413758579 0.10478871908333591 -0.016815768519018871 0.070722604904175063 0.070874678943772848 0.20960220714042141 0.096606040147399 0.14320352607724446 0.024078907669870687 0.073083035701680371 0.10834783987215789 0.095085539868827007 -0.038168817672148879 0.36787750107107792 0.11351923374376789 0.090026368477374427 0.1497176566617221 0.013499244325349139 0.17293767936857091 0.11292924518411029 -0.02926708697020327 -0.040459376177981378 0.22501039816402063 0.021905309248087892 0.089144348408011553 0.1274635130358979
leaf_weight=1181.4569981722161 0.44568702019751372 3.5989718800410619 1.1549079250544334 39.703657322563231 2.9019089452922371 18.023733864538375 12.109020755626259 3.2137584704905739 4.379794143140316 2.6021942906081668 42.064124992117286 1.5021976940333832 19.57771915383637 31.051173730753362 1.650686440989374 304.12829295359552 36.130302796140313 0.86943403724580948 2.1996300732716918 1.2142823617905367 1.0423511210829008 11.56335042696446 2.3896724618971348 3.2717925906181335 24.87105131521821 2.1886870805174117 0.29241392668336619 4.7859561601653686 8.2713219476863724 2.4844577312469482
leaf_count=131156 25 27 22 3909 60 147 678 45 140 39 222 51 385 256 14 1297 3936 28 63 83 47 517 40 15 2267 205 5 140 46 16
internal_value=-0.0045585 0.0822499 0.0346773 -0.0372443 0.00136893 0.065902 0.0305257 -0.0391854 0.110891 0.0914031 0.075847 0.0626008 0.0597443 0.0541336 -0.00180049 0.0962351 -0.0394745 -0.0173255 0.185576 -0.0340005 0.0373744 0.024763 0.108369 0.155756 -0.0219082 0.0406261 -0.00917203 0.0878628 0.0644989 0.0797223
internal_weight=1771.14 484.468 78.1733 1286.67 61.5876 50.3754 19.2944 1225.08 5.5347 406.294 96.292 21.8839 54.2279 50.6289 13.7597 310.002 1221.87 40.4136 3.06906 37.3446 14.1079 12.6057 7.77604 5.87399 27.7978 2.92679 2.4811 31.081 13.0573 5.38637
internal_count=145881 5930 3689 139951 4640 1187 854 135311 162 2241 890 731 668 641 692 1351 135266 4110 91 4019 615 564 116 54 2502 235 210 333 186 76
is_linear=0
shrinkage=0.04


Tree=10
num_leaves=31
num_cat=0
split_feature=16 2 16 14 2 16 2 20 14 20 3 26 40 4 9 5 21 2 14 16 5 21 26 16 20 2 40 18 16 3
split_gain=2905.78 117.757 77.2437 59.5437 69.3698 22.9051 80.9759 21.5799 26.0451 19.4231 18.1145 17.1134 16.3858 15.7751 15.1337 15.0368 14.5099 13.7793 13.6729 13.3072 13.1681 10.7441 10.2655 9.54224 8.34076 6.49395 7.29675 6.11212 8.60461 5.71631
threshold=0.48684211075305944 0.70457974076271068 0.69615384936332714 1.0000000180025095e-35 0.89777886867523204 0.36602871119976049 0.88837432861328136 0.77500000596046459 0.70064935088157665 0.77500000596046459 0.54631218314170849 0.83225107192993175 1.5000000000000002 0.10555555671453477 0.96824595332145702 0.93750000000000011 2.5000000000000004 0.50529292225837719 0.26293487846851354 0.91287881135940563 0.81666666269302379 1.0000000180025095e-35 0.96824595332145702 0.57738095521926891 0.45000000298023229 0.51252412796020519 23.500000000000004 1.0000000180025095e-35 0.93541666865348827 0.78192934393882763
decision_type=2 2 2 2 2 2 2 2 2 2 2 2 2 2 2 2 2 2 2 2 2 2 2 2 2 2 2 2 2 2
left_child=3 2 14 4 29 -5 15 8 16 11 -6 13 -12 -3 -2 -7 -4 -16 -8 -10 -15 22 -13 -11 -20 -9 -27 28 -25 -1
right_child=1 9 7 5 10 6 18 25 19 23 12 21 -14 20 17 -17 -18 -19 24 -21 -22 -23 -24 27 -26 26 -28 -29 -30 -31
leaf_value=-0.033966521452581937 -0.028265829848346392 0.1428402947933122 0.2131502332953441 -0.040213269787262113 0.2428734681129508 -0.036989734190499939 0.21464277049069025 0.097290562273961712 -0.02316745281632451 0.14011849233730161 0.094828217678373725 0.0093587509047498504 0.022022364409170422 0.017850105980678273 0.27452405948738273 0.27041710127366292 0.064527852726807736 0.0084291517302555602 0.041951792851327316 0.071124633676528728 0.065809770739539641 0.09188576763683648 0.093988395991897081 0.10886166788463647 0.14410061073239225 0.092749175904429451 0.033337096591532098 0.086616807624979447 0.083352402996234892 0.021733793827905745
leaf_weight=37.133038328960538 25.897568072192374 2.7558910045772782 1.3611495150253201 1136.1089324457571 0.83134952001273887 35.267841076478362 1.6565780639648426 18.623262861743573 10.546599051915107 6.2576708616688839 8.4834118960425275 5.4084206419065577 11.861527978442608 17.043869111686945 0.50610830821096786 0.25644530728459258 4.6130700297653675 0.80920373182743788 3.1794523987919092 3.0982033722102633 19.802222769707441 49.858316414989531 3.9814869426190853 54.933525208383799 2.1396665386855602 6.1325494246557337 7.1798534318804741 218.27373110130429 34.409522652626038 3.2021681172773233
leaf_count=3788 2407 21 22 131168 17 3951 45 147 647 54 124 62 464 340 25 15 140 70 104 45 150 293 24 259 24 32 154 898 140 251
internal_value=-0.00451178 0.0777957 0.0329778 -0.0371324 0.00123414 -0.0391348 -0.0103039 0.0617564 0.0287385 0.0863492 0.0598593 0.0708867 0.0523809 0.0505295 -0.0215433 -0.0347706 0.0983896 0.110818 0.114294 -0.00175739 0.0436251 0.0844937 0.0452432 0.0912188 0.0830421 0.0820403 0.0607061 0.0902241 0.099037 -0.0295445
internal_weight=1731.61 491.492 78.7676 1240.12 61.5115 1178.61 42.5 51.5547 19.619 412.725 21.1763 98.8502 20.3449 39.602 27.2129 35.5243 5.97422 1.31531 6.9757 13.6448 36.8461 59.2482 9.38991 313.874 5.31912 31.9357 13.3124 307.617 89.343 40.3352
internal_count=145881 5930 3689 139951 4644 135307 4139 1187 854 2241 605 890 588 511 2502 3966 162 95 173 692 490 379 86 1351 128 333 186 1297 399 4039
is_linear=0
shrinkage=0.04


Tree=11
num_leaves=31
num_cat=0
split_feature=16 7 16 23 7 16 6 24 2 9 40 6 12 37 4 40 7 6 4 22 4 2 19 6 26 7 3 15 16 24
split_gain=2696.98 107.189 74.2399 58.9175 65.9045 22.7104 74.0751 29.0331 16.9135 14.7078 24.4805 19.0843 14.2871 12.9774 18.5002 15.2314 11.2266 33.2416 20.9931 11.2118 10.1484 7.65357 7.06187 9.13979 11.3456 8.78732 4.8317 4.54016 4.28926 8.70838
threshold=0.48684211075305944 0.36971411108970648 0.77097901701927196 1.0000000180025095e-35 0.63003221154212963 0.36602871119976049 0.76043477654457103 0.21494049578905108 0.88837432861328136 0.96720427274703991 63.500000000000007 0.10840187966823579 1.0000000180025095e-35 1.0000000180025095e-35 0.47727273404598242 25.500000000000004 0.11342195793986322 0.13840996474027636 0.064583335071802153 14.500000000000002 0.30384616553783422 0.89314278960227977 1.0000000180025095e-35 0.32173123955726629 0.83225107192993175 0.63714733719825756 0.94201681017875682 0.20942982286214831 0.62019231915473949 0.4115969985723496
decision_type=2 2 2 2 2 2 2 2 2 2 2 2 2 2 2 2 2 2 2 2 2 2 2 2 2 2 2 2 2 2
left_child=3 2 9 5 -5 -1 8 -8 -7 19 -11 -12 16 14 -6 21 17 -4 -18 20 -2 -15 23 -3 25 -25 -9 -10 29 -24
right_child=1 22 12 4 13 6 7 26 27 10 11 -13 -14 15 -16 -17 18 -19 -20 -21 -22 -23 28 24 -26 -27 -28 -29 -30 -31
leaf_value=-0.040193650638783975 -0.025583629755241005 0.14054607122536381 0.085591885474448251 -0.031890906124476953 0.21215090128262887 -0.038005198235685433 0.31035941053859911 0.027548029961832161 -0.0027401498450847633 -0.018409105599218295 0.39199985853911673 0.044586771749503519 -0.022962904705662517 0.021281778405793192 -0.01522622755089576 -0.04087550428705982 0.19163238902246807 -0.007810148960972289 0.063748549514189609 0.22807581019922285 0.080603608118641534 0.096980227841735989 0.13748563220636628 0.038179239173080762 0.082101037837080157 0.071295395537019385 0.11667544847235062 0.1037596359850245 0.084516895127260183 0.081841809432012871
leaf_weight=1092.1180823845789 31.463860837742686 3.3435167418792835 23.54216778557748 37.500534260645509 0.63186148367822426 33.789511961862445 1.1317139724269498 1.6140403607860205 1.0082562286406749 1.5778717650100582 0.55307548865675904 0.46627879794687033 2.6786400983110061 2.564971990883353 6.097975661046803 1.7288285112008441 3.327770082280038 8.2271723970770818 5.3650443637743592 0.2923688692972054 1.5090954191982735 12.808749333024023 7.5698777725920108 20.072672392241657 94.66677830927074 35.482841031625867 2.4510682346299291 1.755741619504988 245.46258708648384 11.097030952572821
leaf_count=131172 2713 34 255 3909 31 3936 34 62 48 68 22 34 65 151 258 109 37 437 69 12 34 182 57 271 517 248 23 36 1012 45
internal_value=-0.00446483 0.0738755 0.0311491 -0.0370213 0.00116399 -0.0390868 -0.0101337 0.131173 -0.0302232 -0.0113793 0.0802965 0.233084 0.0665026 0.0531762 0.00612211 0.071692 0.0724253 0.061404 0.112705 -0.018537 -0.0207237 0.0843506 0.0819568 0.0751357 0.0736799 0.0593303 0.0812876 0.0649104 0.0859226 0.104407
internal_weight=1691.9 496.699 79.0033 1195.2 61.3329 1133.87 41.7503 5.19682 36.5535 35.8626 2.59723 1.01935 43.1408 23.8324 6.72984 17.1025 40.4622 31.7693 8.69281 33.2653 32.973 15.3737 417.695 153.566 150.222 55.5555 4.06511 2.764 264.129 18.6669
internal_count=145881 5930 3746 139951 4640 135311 4139 119 4020 2883 124 56 863 731 289 442 798 692 106 2759 2747 333 2184 1070 1036 519 85 84 1114 102
is_linear=0
shrinkage=0.04


Tree=12
num_leaves=31
num_cat=0
split_feature=16 2 16 23 2 16 2 20 10 37 6 12 6 4 21 21 2 9 10 2 26 20 39 9 2 40 6 9 16 9
split_gain=2508.27 96.8621 63.4249 58.2042 57.2339 22.5562 64.313 21.876 19.2992 17.9906 17.927 19.2701 17.5983 15.5522 15.155 11.6096 12.8978 11.366 23.3283 10.5359 10.4779 9.53255 11.3396 7.33598 13.0981 7.0847 6.54023 15.5778 6.00491 5.44835
threshold=0.48684211075305944 0.70457974076271068 0.69615384936332714 1.0000000180025095e-35 0.89314278960227977 0.36602871119976049 0.88837432861328136 0.70833334326744091 1.5000000000000002 1.0000000180025095e-35 0.80707195401191723 1.0000000180025095e-35 0.79795917868614208 0.47727273404598242 1.0000000180025095e-35 45.500000000000007 0.95574390888214122 0.96824595332145702 7.5000000000000009 0.5089087486267091 0.93969696760177623 0.45000000298023229 1.0000000180025095e-35 0.78629976511001598 0.63519075512886058 66.500000000000014 0.77888888120651256 0.86425063014030468 0.57738095521926891 0.42340287566185003
decision_type=2 2 2 2 2 2 2 2 2 2 2 2 2 2 2 2 2 2 2 2 2 2 2 2 2 2 2 2 2 2
left_child=3 2 17 5 26 -1 12 10 13 -6 11 14 -7 19 -3 -11 -17 29 -19 -4 -13 22 -8 24 -10 -25 -5 -28 -9 -2
right_child=1 7 8 4 9 6 21 28 23 15 -12 20 -14 -15 -16 16 -18 18 -20 -21 -22 -23 -24 25 -26 -27 27 -29 -30 -31
leaf_value=-0.0401743500674158 0.020322860836862199 -0.0036905001692987601 0.074268136146732527 -0.03362817226802238 -0.0057205860443070447 -0.037915621290227519 0.0093491835713945242 0.12050468294115764 0.035634956934714274 0.04944526238287577 0.077787604637286858 -0.025936411199650067 0.20499508336440803 0.091552392061598056 0.066925140552319184 0.054413294737595139 0.17988444142747947 -0.0078169928334583388 0.33934209222528644 -0.018074691981949245 0.084989851929708191 0.14207673730016437 0.14651219183523978 0.054554977402183021 0.13819875468603354 0.10379187638456056 0.19872319233375199 -0.040889391801897837 0.082362218255817729 -0.035010145903148722
leaf_weight=1049.7895069085062 3.2837110795080724 5.6818959619849911 2.4254607027396586 35.506644649431109 6.7224798910319832 32.717018183320761 2.9908292694017282 6.7473007580265394 13.515758763998745 11.738145698793234 54.372503754682839 7.8584339870139939 0.48426017630845208 3.7317165732383719 33.724861525930464 2.4720802623778573 2.7905057854950428 1.1996268210932601 0.41748306713998307 10.689744740724562 1.6482368148863313 3.4845666838809848 1.4233035249635575 7.1188433635979917 2.3366668447852126 13.625333474949 0.66474328096955915 1.2512786593288181 311.00776447355747 21.417734967544675
leaf_count=131172 306 58 121 3869 293 3949 116 55 372 232 284 178 17 19 351 108 26 86 9 493 17 38 19 66 25 91 24 88 1298 2101
internal_value=-0.00441896 0.0703173 0.0298999 -0.0369077 0.0010685 -0.0390363 -0.00996706 0.0779739 0.0549308 0.0496738 0.0619817 0.0444119 -0.0343726 0.0195032 0.0567434 0.071578 0.120945 -0.0209286 0.0818077 -0.00099727 -0.00670436 0.0926189 0.0535764 0.0712395 0.050753 0.0868951 -0.0297437 0.0422416 0.0831721 -0.0276544
internal_weight=1652.84 500.803 79.7621 1152.04 61.1459 1090.89 41.1 421.041 53.4435 23.7232 103.286 48.9134 33.2013 16.8469 39.4068 17.0007 5.26259 26.3186 1.61711 13.1152 9.50667 7.8987 4.41413 36.5966 15.8524 20.7442 37.4227 1.91602 317.755 24.7014
internal_count=145881 5930 3689 139951 4640 135311 4139 2241 1187 659 888 604 3966 633 409 366 134 2502 95 614 195 173 135 554 397 157 3981 112 1353 2407
is_linear=0
shrinkage=0.04


Tree=13
num_leaves=31
num_cat=0
split_feature=16 20 7 23 7 16 7 7 8 1 10 8 21 16 1 6 40 2 6 40 37 40 7 37 2 38 9 2 6 6
split_gain=2339.83 92.4745 83.9704 57.4982 55.2476 22.3155 58.8465 17.756 16.3275 13.7711 15.6089 13.3991 11.0956 13.1114 10.8421 15.6913 10.4626 10.2618 10.1273 10.0851 9.15043 11.8533 8.93274 11.2708 8.84601 6.66088 6.33691 4.59105 11.9164 11.5194
threshold=0.48684211075305944 0.77500000596046459 0.38790740072727209 1.0000000180025095e-35 0.63003221154212963 0.36602871119976049 0.65933269262313854 1.0000000180025095e-35 4.5000000000000009 1.0000000180025095e-35 1.5000000000000002 2.5000000000000004 54.500000000000007 0.59411767125129711 1.0000000180025095e-35 0.85239651799201976 73.500000000000014 0.88837432861328136 0.15184453129768374 35.500000000000007 1.0000000180025095e-35 25.500000000000004 0.72524511814117443 1.0000000180025095e-35 0.8857199251651765 1.0000000180025095e-35 0.8532998561859132 0.706558257341385 0.13574938476085666 0.38379706442356115
decision_type=2 2 2 2 2 2 2 2 2 2 2 2 2 2 2 2 2 2 2 2 2 2 2 2 2 2 2 2 2 2
left_child=3 2 7 5 -5 -1 17 11 22 10 -10 16 24 -14 15 -8 -2 -7 -13 -19 -6 25 23 -4 -9 -22 -24 28 -3 -30
right_child=1 27 8 4 20 6 14 12 9 -11 -12 18 13 -15 -16 -17 -18 19 -20 -21 21 -23 26 -25 -26 -27 -28 -29 29 -31
leaf_value=-0.040155349775298603 0.045527571595033206 0.085683094786132216 0.087823101491022404 -0.031367666116301061 0.0059185530461350359 -0.037774900209018705 0.067060041734993137 -0.025361501809217941 -0.0021814604625053149 0.081895963506639427 0.07096623048871098 -0.026959256155488567 -0.040412596019510534 0.31870260884442853 0.052378276754036994 0.25046393028895891 0.16613227560460961 -0.010074933869113949 0.10894939572301603 0.18172455367935658 0.11788758446670514 -0.040887797093639558 0.11071581054624142 0.028429182089377201 0.17537695121148233 0.057111616477868776 0.073236980069335739 0.079871965153706634 0.012059962002591459 0.07947334179121382
leaf_weight=1009.0944096464664 3.5014557754620892 20.129555420018733 7.8772100824862727 35.400386010296643 6.7586903888732222 31.238809390924871 1.6085183108225458 32.294037973508239 15.692896471358841 7.604488478973507 6.6435730447992674 4.8958393279463053 0.31747779157012601 0.3335897596552968 4.1534136431291699 1.3925616564229129 1.7143735755234955 1.246405692771076 1.068739293143153 0.67682881653308857 3.6764142578467771 1.6890793414786447 8.6575166285037977 14.562435926869512 0.35510413907468219 13.407889722846448 43.415340729057789 317.22765819355845 9.7891800841316599 6.9243941958993664
leaf_count=131172 67 161 74 3909 289 3932 52 2725 227 41 56 317 33 17 51 22 19 63 76 19 116 109 50 160 5 217 213 1347 304 38
internal_value=-0.00437364 0.0671963 0.040752 -0.0367961 0.000979138 -0.0389894 -0.00980743 -0.0052739 0.0603517 0.0354034 0.019575 0.0383417 -0.0199177 0.143589 0.0942348 0.152163 0.0851687 -0.0322539 -0.00260701 0.0574236 0.0458282 0.0601962 0.0703765 0.0492788 -0.0231782 0.0701901 0.0794681 0.0783197 0.0649544 0.0399892
internal_weight=1613.35 503.005 148.934 1110.34 60.9325 1049.41 40.3165 44.4806 104.453 29.941 22.3365 11.1804 33.3002 0.651068 7.15449 3.00108 5.21583 33.162 5.96458 1.92323 25.5321 18.7734 74.5125 22.4396 32.6491 17.0843 52.0729 354.071 36.8431 16.7136
internal_count=145881 5930 4080 139951 4640 135311 4139 3259 821 324 283 479 2780 50 125 74 86 4014 393 82 731 442 497 234 2730 333 263 1850 503 342
is_linear=0
shrinkage=0.04


Tree=14
num_leaves=31
num_cat=0
split_feature=16 7 16 23 7 16 7 10 10 9 4 21 25 37 4 40 7 6 35 3 40 15 38 5 8 32 4 7 16 40
split_gain=2187.96 83.6705 57.091 56.8547 50.4607 22.1362 52.8155 13.5183 12.2336 21.722 11.7272 12.777 9.62148 7.75357 13.8064 10.2168 6.78354 16.7381 6.56053 5.95093 9.98698 5.31676 4.96178 4.65977 4.49827 7.89468 13.0352 8.68712 5.8728 4.39019
threshold=0.48684211075305944 0.36971411108970648 0.77097901701927196 1.0000000180025095e-35 0.63003221154212963 0.36602871119976049 0.65933269262313854 1.5000000000000002 6.5000000000000009 0.89564427733421337 0.30384616553783422 89.500000000000014 0.98488250374794017 1.0000000180025095e-35 0.47727273404598242 25.500000000000004 0.18893422186374667 0.13840996474027636 1.0000000180025095e-35 0.76253134012222301 43.500000000000007 0.78759399056434642 1.0000000180025095e-35 0.93750000000000011 4.5000000000000009 6.5000000000000009 0.73214286565780651 0.63003221154212963 0.87867647409439098 1.5000000000000002
decision_type=2 2 2 2 2 2 2 2 2 2 2 2 2 2 2 2 2 2 2 2 2 2 2 2 2 2 2 2 2 2
left_child=3 2 8 5 -5 -1 19 18 10 -10 11 -2 -8 14 -6 22 17 -9 21 23 -21 -4 -15 -7 -3 26 27 -26 -28 -14
right_child=1 24 7 4 13 6 12 16 9 -11 -12 -13 29 15 -16 -17 -18 -19 -20 20 -22 -23 -24 -25 25 -27 28 -29 -30 -31
leaf_value=-0.040136607645244168 -0.028380644242826436 0.073807976848829449 -0.0079750881557805672 -0.031072920378361443 0.16414568644918734 -0.037683961399465477 0.18185940382977894 0.076217467458916985 -0.041340877775055768 0.14256817866593932 0.079314117317396987 0.25039383353569739 0.094435577367281184 0.1029855926177055 -0.014858162683456537 -0.040852815794921858 0.11237570977907826 -0.0039389133126081534 0.11438580876077009 -0.040924264884858501 0.20407240961229139 0.057046590242132961 0.052610908062073608 0.065192912134355602 0.048084193891836796 0.076383443910960622 -0.007351814153140227 0.084061632099758657 0.060941063833918313 0.026634894957760797
leaf_weight=969.97088183509186 29.027201890945442 323.92454282473773 7.5507485792040789 34.328483005054295 0.77861037664115684 30.259611732326452 1.3602944938465942 23.535957535728816 1.989888890646397 2.124839243479073 1.8007554225623597 0.26545872166752715 3.446092857979238 4.0320126917213246 6.0174571862444282 1.6242112088948477 5.0340826995670787 5.0652773501351467 1.0483808182179934 0.65051476983353385 0.45063129719346762 2.7430715914815664 13.960745733231306 0.72123854514211316 25.840002242475748 45.389355503022671 7.0431062187999469 18.373929491266608 2.8219565898180008 2.7453807229176164
leaf_count=131172 2658 1544 391 3909 31 3929 22 187 132 49 40 4 31 116 258 109 32 195 5 50 15 53 217 20 234 195 74 118 19 72
internal_value=-0.00432922 0.0644277 0.0269618 -0.0366781 0.00090686 -0.0389393 -0.00963834 0.0568238 -0.0111862 0.0536295 -0.0197635 -0.0258543 0.0855348 0.0424703 0.00564991 0.0552263 0.0695581 0.0620218 0.0190602 -0.0320411 0.0593378 0.00935173 0.0638994 -0.035289 0.0715233 0.064083 0.053759 0.0630353 0.0121837 0.0643719
internal_weight=1573.92 503.579 80.1857 1070.35 60.7415 1009.6 39.6338 44.9775 35.2081 4.11473 31.0934 29.2927 7.55177 26.413 6.79607 19.617 33.6353 28.6012 11.3422 32.082 1.10115 10.2938 17.9928 30.9809 423.393 99.4684 54.079 44.2139 9.86506 6.19147
internal_count=145881 5930 3746 139951 4640 135311 4139 863 2883 181 2702 2662 125 731 289 442 414 382 449 4014 65 444 333 3949 2184 640 445 352 93 103
is_linear=0
shrinkage=0.04


Tree=15
num_leaves=31
num_cat=0
split_feature=16 20 7 23 7 16 2 7 16 7 26 6 16 20 39 2 6 18 7 10 24 10 37 2 7 16 6 8 16 2
split_gain=2047.49 87.2216 67.6395 56.2125 46.1955 21.9316 48.7655 15.2523 14.7165 13.9162 9.33543 9.27228 9.06343 7.68546 8.09769 7.37499 13.5787 6.86464 8.3597 13.6607 13.4756 6.7977 6.65206 7.88983 7.88289 6.35142 12.4815 7.2945 4.79433 4.30147
threshold=0.48684211075305944 0.77500000596046459 0.456832304596901 1.0000000180025095e-35 0.63003221154212963 0.36602871119976049 0.88837432861328136 0.77003204822540294 0.83771929144859325 0.87652438879013073 0.8216732144355775 0.38935969769954687 0.94281044602394115 0.45000000298023229 1.0000000180025095e-35 0.82969811558723461 0.36899313330650335 1.0000000180025095e-35 0.36971411108970648 3.5000000000000004 0.21198299527168277 1.5000000000000002 1.0000000180025095e-35 0.9384731948375703 0.92546296119689953 0.91987180709838878 0.86285266280174266 1.5000000000000002 0.91287881135940563 0.87903141975402843
decision_type=2 2 2 2 2 2 2 2 2 2 2 2 2 2 2 2 2 2 2 2 2 2 2 2 2 2 2 2 2 2
left_child=3 2 8 5 29 -1 7 -7 15 11 -10 -4 -13 14 -8 21 -17 25 19 20 -19 -2 -6 24 -24 26 27 -3 -12 -5
right_child=1 17 9 4 22 6 13 -9 10 -11 28 12 -14 -15 -16 16 -18 18 -20 -21 -22 -23 23 -25 -26 -27 -28 -29 -30 -31
leaf_value=-0.040118099989844773 -0.034683969183610407 0.15021544139480822 0.11755237781181731 -0.03621193421222773 0.0053239324744585193 -0.037624161872284782 0.0037688542264156682 0.177495758081957 0.090029826966582294 0.07582328029706828 -0.044076160780394641 0.036515162239581213 0.084681224285916498 0.11544030234458165 0.11114688668146018 0.13907379802497555 -0.011381434864074242 -0.0012951230177060164 0.07135918587059871 0.086723832914376686 0.089699251671148256 0.00017428850521581432 0.0030010350993407028 0.068684584126427778 0.15536873923694683 0.070046395873729753 0.071083139927584416 0.098613234156377114 0.041458921639709531 0.007225521914743304
leaf_weight=932.35910073295236 19.129039460793138 5.2757194917649057 2.6739835347980252 29.128272571600974 6.8417505715042379 29.52208234695718 3.3028407208621484 0.5369369387626638 4.0061556594446284 33.867521915584803 1.8228896167129276 59.423526821658015 6.985523208975791 3.8554107714444399 1.7031478034332392 1.4051522910594929 3.0279496293514967 10.424932097084822 222.85294750519097 8.1257442068308574 3.4709738595411173 16.822833250742406 6.3102565566077855 13.503267992287872 0.59445396810770024 46.536283882334828 29.612256214022636 25.904938268475235 2.4680136926472187 4.1697657201439133
leaf_count=131172 1749 34 22 3588 289 3956 116 10 79 146 61 522 31 38 19 28 70 296 922 57 41 1342 310 126 6 206 126 168 30 321
internal_value=-0.00428413 0.0618129 0.0364483 -0.036559 0.00083448 -0.03889 -0.00947118 -0.0337815 -0.00240197 0.0548193 0.0461186 0.0445223 0.0415817 0.0729927 0.0403012 -0.0123705 0.0363081 0.072733 0.0690359 0.0455251 0.0214338 -0.0183729 0.0394568 0.0508999 0.016119 0.081168 0.0896814 0.107344 0.00512135 -0.0307725
internal_weight=1535.66 503.836 151.633 1031.83 60.5478 971.28 38.9204 30.059 48.682 102.951 8.29706 69.083 66.4091 8.8614 5.00599 40.385 4.4331 352.204 244.875 22.0217 13.8959 35.9519 27.2497 20.408 6.90471 107.329 60.7929 31.1807 4.2909 33.298
internal_count=145881 5930 4080 139951 4640 135311 4139 3966 3359 721 170 575 553 173 135 3189 98 1850 1316 394 337 3091 731 442 316 534 328 202 91 3909
is_linear=0
shrinkage=0.04


Tree=16
num_leaves=31
num_cat=0
split_feature=16 7 23 16 7 16 7 10 19 8 1 10 7 4 21 21 25 16 7 3 15 32 24 37 4 4 7 21 8 3
split_gain=1919.8 72.206 55.5388 47.9414 42.4926 21.6841 44.0791 11.2798 11.1753 11.9082 12.2891 13.9199 10.6806 10.8475 10.5411 9.99485 8.82106 6.30781 8.77093 6.30632 6.23781 5.88025 6.45051 5.76086 10.9049 7.08144 14.4475 8.56848 5.46962 5.32961
threshold=0.48684211075305944 0.36971411108970648 1.0000000180025095e-35 0.77097901701927196 0.63003221154212963 0.36602871119976049 0.65933269262313854 1.5000000000000002 1.0000000180025095e-35 4.5000000000000009 1.0000000180025095e-35 1.5000000000000002 1.0000000180025095e-35 0.30384616553783422 89.500000000000014 6.5000000000000009 0.89394751191139232 0.74166667461395275 0.98809522390365612 0.72804316878318798 0.53589746356010448 1.5000000000000002 0.095111001282930388 1.0000000180025095e-35 0.47727273404598242 0.73214286565780651 0.86754387617111217 45.500000000000007 3.5000000000000004 0.76253134012222301
decision_type=2 2 2 2 2 2 2 2 2 2 2 2 2 2 2 2 2 2 2 2 2 2 2 2 2 2 2 2 2 2
left_child=2 3 5 12 -4 -1 29 20 9 17 11 -11 15 14 -14 16 -2 18 -3 -8 -5 22 -9 24 -6 26 -25 -27 -22 -7
right_child=1 8 4 7 23 6 19 21 -10 10 -12 -13 13 -15 -16 -17 -18 -19 -20 -21 28 -23 -24 25 -26 27 -28 -29 -30 -31
leaf_value=-0.040099791920874372 0.12394097711909219 0.034911910326588268 -0.030470222384194907 0.11424046983177694 0.13394348832081776 -0.034954072551926889 0.14806253375655579 0.071547619527250791 0.07120354894734067 0.006004577548289273 0.07168865303903757 0.060325666535745635 -0.032596781566277246 0.068722095286934293 0.20150024168551833 -0.012838647997139312 -0.0086454267510951872 0.070291587477948933 0.080730827531295374 0.05680071163781758 0.043839916772572693 0.11169455542273625 0.03373182939349751 0.0069102242505175437 -0.014607635055269312 0.046723106872203386 0.13257821629978669 0.12756276484735679 -0.015265592936693431 0.053558045200476266
leaf_weight=896.20156357856467 2.3895930503495033 21.378142644651234 32.307695903815329 0.96874466631561418 0.91148922033608215 28.935908365063373 1.4830587105825523 19.24361772835255 260.36816364806145 19.657907008193437 14.112355730496345 12.251988418400286 24.750081350095577 1.9302443312481035 0.31163797248154779 3.9358467580750585 1.2091062944382427 84.993891250342131 9.7256798334419745 6.6158896144479513 4.1484159985557181 3.5555130634456864 11.548287325538693 9.6853648778051156 5.9642539359629154 6.5987651553004962 1.7243374474346627 3.0756500922143459 6.3237635623663664 1.1309978384524573
leaf_count=131172 135 225 3909 39 31 3949 23 146 1114 249 66 80 2416 40 4 214 74 407 43 102 125 19 249 351 258 56 11 24 285 65
internal_value=-0.00423993 0.0594611 -0.0364418 0.0246949 0.000775419 -0.0388423 -0.00931411 0.0515308 0.0660701 0.0578258 0.0406074 0.0268615 -0.0108943 -0.0226485 -0.0296858 0.0312141 0.079394 0.0646513 0.0492388 0.0735123 0.0171315 0.0629891 0.0573651 0.0368798 0.00508518 0.0472484 0.0259023 0.0724233 0.00814828 -0.0316246
internal_weight=1497.44 502.803 994.635 80.3149 60.2676 934.367 38.1659 45.7883 422.488 162.12 46.0223 31.9099 34.5265 26.992 25.0617 7.53455 3.5987 116.098 31.1038 8.09895 11.4409 34.3474 30.7919 27.9599 6.87574 21.0841 11.4097 9.67442 10.4722 30.0669
internal_count=145881 5930 139951 3746 4640 135311 4139 863 2184 1070 395 329 2883 2460 2420 423 209 675 268 125 449 414 395 731 289 442 362 80 410 4014
is_linear=0
shrinkage=0.04


Tree=17
num_leaves=31
num_cat=0
split_feature=16 2 23 16 2 16 2 10 5 4 19 37 2 21 12 8 12 10 8 15 4 1 16 6 5 3 6 12 3 10
split_gain=1802.67 67.145 54.7937 43.8951 39.2027 21.5433 41.9486 13.2387 12.3109 11.2573 11.139 10.0296 9.53432 8.69631 9.24889 8.55485 14.103 7.35752 12.3796 7.20874 6.82999 6.56276 5.89051 7.65897 5.23703 5.21215 19.7797 8.96802 5.13822 17.3204
threshold=0.48684211075305944 0.71932601928710949 1.0000000180025095e-35 0.69615384936332714 0.89314278960227977 0.36602871119976049 0.88837432861328136 1.5000000000000002 0.61250001192092907 0.88194444775581371 1.0000000180025095e-35 1.0000000180025095e-35 0.5089087486267091 45.500000000000007 1.0000000180025095e-35 4.5000000000000009 1.0000000180025095e-35 8.5000000000000018 2.5000000000000004 0.82843136787414562 0.47727273404598242 1.0000000180025095e-35 0.73030304908752453 0.89699381589889537 0.73214286565780651 0.27924077212810522 0.13840996474027636 1.0000000180025095e-35 0.78192934393882763 1.0000000180025095e-35
decision_type=2 2 2 2 2 2 2 2 2 2 2 2 2 2 2 2 2 2 2 2 2 2 2 2 2 2 2 2 2 2
left_child=2 3 5 17 28 -1 9 8 12 -7 15 -6 -5 24 -15 22 21 20 -19 -18 -2 -17 23 -3 -13 26 -9 -27 -4 -30
right_child=1 10 4 7 11 6 -8 25 -10 -11 -12 13 -14 14 -16 16 19 18 -20 -21 -22 -23 -24 -25 -26 27 -28 -29 29 -31
leaf_value=-0.040081652313921544 -0.029763443427625855 0.031196204454569432 -0.033668426788314255 0.061773429470159152 -0.0056667065342009609 -0.036080375581390593 0.064502267707846492 0.063700237656666672 0.064368956240525035 0.20561828611740954 0.069173477167115402 -0.024430545871729721 -0.022289796364392336 0.15087025696363748 0.051287492678608271 0.037654709118807625 -0.03597910565890991 0.15442174440735273 -0.040598139467739998 0.060725526506586601 0.084996425108558038 0.072312308594059543 0.066973065841505502 0.071487235496197107 0.043620822547883339 0.14201905168928305 -0.017362119172736161 0.05494787866971744 -0.040533700105150228 0.15855250195904197
leaf_weight=861.44284872105345 22.417110779788352 19.524369727820158 29.773171506822109 2.7120306119322803 6.7061942210420993 27.914169048424814 9.310179269872604 26.898726461455226 5.8804994337260714 0.3117668628692617 254.56284497771412 2.1418969212099919 10.581019802950321 2.433339391835033 3.8584518218412995 23.944977978244424 5.0964279072359195 1.0003092866390937 1.0864284387789664 1.627110384404659 0.86166887823492189 13.768743562512098 84.211929878219962 12.306998241692783 11.655394231900573 2.8607982061803323 5.8665420105680814 5.5925342859700322 2.3543436368927355 0.99455055128782976
leaf_count=131172 2403 213 3743 121 293 3963 173 248 33 3 1115 88 497 45 89 229 93 23 95 10 10 64 404 55 144 35 244 38 203 35
internal_value=-0.00419629 0.0573128 -0.0363205 0.0250914 0.000716643 -0.0387891 -0.00912511 0.043638 0.0161788 -0.0334107 0.0639705 0.0366892 -0.00513933 0.0508286 0.089801 0.0557173 0.0407931 -0.0190656 0.0528876 -0.0125764 -0.0255156 0.0503077 0.0614323 0.046774 0.0330565 0.0564111 0.0491862 0.0844147 -0.0283846 0.0185907
internal_weight=1459.7 500.801 958.896 85.7577 59.9173 898.979 37.5361 60.3922 19.1735 28.2259 415.043 26.7953 13.2931 20.0891 6.29179 160.481 44.4373 25.3655 2.08674 6.72354 23.2788 37.7137 116.043 31.8314 13.7973 41.2186 32.7653 8.45333 33.1221 3.34889
internal_count=145881 5930 139951 3747 4640 135311 4139 1216 651 3966 2183 659 618 366 134 1068 396 2531 118 103 2413 293 672 268 232 565 492 73 3981 238
is_linear=0
shrinkage=0.04


Tree=18
num_leaves=31
num_cat=0
split_feature=16 20 23 7 7 16 2 7 16 7 10 7 21 10 26 20 39 4 40 25 7 2 7 15 31 9 40 2 9 18
split_gain=1694.4 80.8249 54.1112 51.7497 36.4743 21.3933 38.5178 14.4678 11.8802 11.0072 10.0698 10.066 8.62895 10.3748 8.18441 6.91098 6.57152 6.14134 5.99531 6.23925 5.96939 5.40196 7.57922 8.92179 11.1968 5.36208 5.00403 4.52959 4.07512 3.15441
threshold=0.48684211075305944 0.77500000596046459 1.0000000180025095e-35 0.456832304596901 0.63003221154212963 0.36602871119976049 0.88837432861328136 0.87652438879013073 0.91287881135940563 0.77003204822540294 1.5000000000000002 0.14483218640089038 1.0000000180025095e-35 1.5000000000000002 0.93969696760177623 0.45000000298023229 1.0000000180025095e-35 0.47727273404598242 1.5000000000000002 0.64329150319099437 0.84292763471603405 0.706558257341385 1.0000000180025095e-35 0.61721614003181469 1.5000000000000002 0.72804316878318798 72.500000000000014 0.9529671072959901 0.86159002780914318 1.0000000180025095e-35
decision_type=2 2 2 2 2 2 2 2 2 2 2 2 2 2 2 2 2 2 2 2 2 2 2 2 2 2 2 2 2 2
left_child=2 3 5 8 27 -1 9 12 10 -7 17 -12 14 -14 -5 16 -8 -2 28 -20 -21 22 26 24 -24 -25 -3 -4 -6 -23
right_child=1 21 4 7 18 6 15 -9 -10 -11 11 -13 13 -15 -16 -17 -18 -19 19 20 -22 29 23 25 -26 -27 -28 -29 -30 -31
leaf_value=-0.040063661441676439 -0.032308801647319155 0.050556246795150493 -0.031128830247179624 -0.032808876591670734 0.090141307430345513 -0.037297577833495729 -0.00097740396650822865 0.068741325758267219 0.05941021590118456 0.12437143349957853 -0.0034989971292700124 0.065051643492438097 0.036596735638898384 0.087737742925043605 0.038473643556114941 0.099299535272625278 0.090670547511123273 0.069924304853491409 0.082162685609051614 -0.0077739989148686971 0.044168949936759849 0.074036699396621164 -0.042738530424948913 0.071312360896283039 0.11718304440475413 0.02465658617997268 0.093215555572288319 0.1612841197121106 0.038706237237265288 0.065193672339067615
leaf_weight=828.0294327926822 21.73385158600286 9.1172661576420087 30.34738215291873 5.1329633239656669 3.6896285079419631 26.601527203805748 3.6187436683103424 33.247421953827143 4.4186774250119916 0.69133262522518535 16.793131565209482 4.3061412926763287 55.06325257755816 7.1737784417346111 5.1758530214428902 4.0897536547854543 1.9138712445273993 0.98266429733484884 2.1620974643155959 10.507557759992777 5.3384405877441159 92.512583751231432 3.8022884116508093 8.4998250408098084 0.8586755460128187 7.3490323908627024 8.5025306148454529 0.19702476821839709 7.4228327907621861 213.46244899556041
leaf_count=131172 1877 68 3902 43 35 3956 116 146 51 10 1219 199 439 51 42 38 19 13 51 467 97 416 197 91 12 82 53 7 81 931
internal_value=-0.00415353 0.0553183 -0.0361939 0.0312355 0.00064942 -0.0387354 -0.00894171 0.0468909 -0.00310163 -0.0332025 -0.00940574 0.0104915 0.036877 0.0424915 0.00298067 0.0598715 0.0307259 -0.0278864 0.0326796 0.0184223 0.00972533 0.0660982 0.051901 0.0353715 -0.0132767 0.0496783 0.0711417 -0.0298877 0.055784 0.0678674
internal_weight=1422.74 498.132 924.61 154.028 59.665 864.945 36.9152 105.793 48.2345 27.2929 43.8158 21.0993 72.5458 62.237 10.3088 9.62237 5.53261 22.7165 29.1206 18.0081 15.846 344.105 38.1296 20.5098 4.66096 15.8489 17.6198 30.5444 11.1125 305.975
internal_count=145881 5930 139951 4080 4640 135311 4139 721 3359 3966 3308 1418 575 490 85 173 135 1890 731 615 564 1850 503 382 209 173 121 3909 116 1347
is_linear=0
shrinkage=0.04


Tree=19
num_leaves=31
num_cat=0
split_feature=16 20 23 7 7 16 2 7 16 26 4 4 7 16 4 6 15 20 7 40 3 7 9 12 5 2 3 10 9 32
split_gain=1594.53 77.8567 53.4706 46.961 33.7096 21.1468 35.67 14.3293 11.0363 15.0124 12.4589 10.3469 9.85282 7.99567 8.56083 6.19659 8.67289 6.1449 6.0087 5.20823 5.28577 5.30465 5.14195 4.97982 4.89465 4.24535 13.669 3.75323 3.34108 3.12603
threshold=0.48684211075305944 0.77500000596046459 1.0000000180025095e-35 0.456832304596901 0.63003221154212963 0.36602871119976049 0.88837432861328136 0.87652438879013073 0.70714285969734203 0.71535181999206554 0.095454547554254546 0.47727273404598242 0.77003204822540294 0.94281044602394115 0.27922078967094427 0.43513323366642004 0.35857143998146063 0.45000000298023229 1.0000000180025095e-35 1.5000000000000002 0.64126753807067882 0.84292763471603405 0.33589744567871099 1.0000000180025095e-35 0.73214286565780651 0.87903141975402843 0.54631218314170849 2.5000000000000004 0.86159002780914318 17.500000000000004
decision_type=2 2 2 2 2 2 2 2 2 2 2 2 2 2 2 2 2 2 2 2 2 2 2 2 2 2 2 2 2 2
left_child=2 3 5 8 25 -1 12 13 11 10 -10 22 -7 14 -5 16 -3 24 -11 28 -21 -22 -2 27 -8 -4 -27 -18 -6 -30
right_child=1 15 4 7 19 6 17 -9 9 18 -12 -13 -14 -15 -16 -17 23 -19 -20 20 21 -23 -24 -25 -26 26 -28 -29 29 -31
leaf_value=-0.040045781069260704 0.052060786117854328 -0.021041392967293567 -0.035602125916506536 0.088494820985182784 0.081948285485654859 -0.037173974181693749 0.10608026740786711 0.066624085675377753 0.088111906065814857 0.030057068005729617 -0.027799268904896476 0.20988100183448857 0.10999511188659877 0.074435603402188563 0.026921642686100377 0.066549804311029817 0.048939603983167608 0.092996295109014027 -0.023068222008411823 0.074168384148821181 -0.0075169717112848677 0.040965686455681702 -0.029851914040210085 0.017345822611160806 0.010927083037507383 0.15447944814382716 -0.028412828739067933 0.071341373481019016 0.012376474078668471 0.063862191418513362
leaf_weight=795.91004637209699 1.2978653106838525 2.4879663703031829 25.593447907827798 3.8349087974056593 3.8917333986610192 25.641754945274446 1.067776657640932 32.938009697943926 6.182671448215844 4.9470935324206939 1.9521966539323328 0.30310994386672874 0.74912379030138154 7.3592589795589438 62.399958324618638 284.75773132778704 25.836951174773276 4.1901267096400261 10.937987561337648 2.2963833566755083 10.433697812259195 5.5217029172927132 22.191552422009408 4.9927696324884883 4.5537236062809825 0.81853780709206958 3.2493086569011211 22.289775174111128 4.0510658975690603 3.531913235783577
leaf_count=131172 142 115 3588 25 35 3956 43 146 129 110 44 6 10 33 517 1263 299 38 591 51 467 97 2337 42 92 52 269 131 65 16
internal_value=-0.004111 0.053479 -0.0360687 0.0299144 0.000600261 -0.0386858 -0.00878698 0.0446958 -0.00302019 0.0161063 0.0602957 -0.0223295 -0.0329965 0.0348815 0.0304866 0.0641648 0.0519514 0.0563306 -0.0065234 0.0307034 0.0174279 0.00926147 -0.025326 0.0553702 0.029001 -0.029569 0.00838901 0.0593149 0.0518196 0.0363569
internal_weight=1386.21 494.71 891.5 154.345 59.3878 832.113 36.2025 106.532 47.8125 24.0199 8.13487 23.7925 26.3909 73.5941 66.2349 340.365 55.6075 9.81163 15.8851 29.7265 18.2518 15.9554 23.4894 53.1195 5.6215 29.6613 4.06785 48.1267 11.4747 7.58298
internal_count=145881 5930 139951 4080 4640 135311 4139 721 3359 874 173 2485 3966 575 542 1850 587 173 701 731 615 564 2479 472 135 3909 321 430 116 81
is_linear=0
shrinkage=0.04


Tree=20
num_leaves=31
num_cat=0
split_feature=15 20 23 7 20 6 2 25 8 7 7 21 1 4 3 2 2 37 7 32 27 2 21 14 2 6 6 15 15 24
split_gain=1486.72 61.1304 49.629 38.9684 37.536 45.8417 31.3469 14.2966 13.7687 12.3425 10.2138 9.70364 9.16573 8.48262 8.17495 12.7205 11.3682 7.81071 6.88881 9.67649 6.01381 5.99303 5.95652 5.59235 5.52535 6.75804 8.62709 5.43145 5.3566 5.24366
threshold=0.29520697891712194 0.77500000596046459 1.0000000180025095e-35 0.38790740072727209 0.55000001192092907 0.6900656819343568 0.89314278960227977 1.3096750378608706 4.5000000000000009 0.90399384498596203 1.0000000180025095e-35 36.500000000000007 1.0000000180025095e-35 0.73214286565780651 0.64126753807067882 0.9000087082386018 0.9384731948375703 1.0000000180025095e-35 0.72524511814117443 4.5000000000000009 0.07175032421946527 0.8857199251651765 5.5000000000000009 0.66186824440956127 0.706558257341385 0.13574938476085666 0.38379706442356115 0.19292803853750232 0.57518798112869274 0.15278299897909167
decision_type=2 2 2 2 2 2 2 2 2 2 2 2 2 2 2 2 2 2 2 2 2 2 2 2 2 2 2 2 2 2
left_child=2 3 4 10 7 20 9 -1 18 -4 22 21 13 -10 15 -8 -16 -18 19 -5 -6 -12 23 -2 25 -3 28 -9 -27 -7
right_child=1 24 6 8 5 29 14 27 12 -11 11 -13 -14 -15 16 -17 17 -19 -20 -21 -22 -23 -24 -25 -26 26 -28 -29 -30 -31
leaf_value=-0.039384231592488522 0.11714692627584655 0.063399192130263307 -0.029930003373698541 0.057879501124568349 0.11222732027642066 0.14099000770123821 0.21668207667141257 -0.042640057698899066 0.024377782921014758 0.23391360681984733 -0.024183094807084249 0.19407113286124919 0.058775003741016019 -0.027873269599355436 -0.033053351185767819 0.035710893621834862 -0.0049703041073919747 0.050732087249398469 0.061139155190542784 0.0069313799524900578 -0.031789743140487471 0.12427284427803954 -0.0068594052185929127 0.030773122032243087 0.064481051004779757 -0.043011259689312312 0.06463647939912702 0.048223234800998584 0.023313624697914231 0.068548595759406819
leaf_weight=788.30235098302364 1.6262597795575837 21.071428491733968 30.407508843578402 13.392104345373811 0.47767437435687199 2.1510679260827583 0.92944755591452421 1.4124194383621205 17.070434466935698 0.28635341674089332 24.438962372951217 0.33851683605462213 7.916033722460269 7.0136794354766598 4.6197796510532525 1.8753475537523625 5.4405131731182417 15.510820670053356 50.795610558241606 10.754440459422765 16.109307554084808 0.44296813756227393 4.5416571497917175 4.5689376080408692 291.59117363020778 2.6187967103905994 6.7337989592924705 4.1316603654995561 7.6096323020756245 6.2265287735499442
leaf_count=133758 70 146 3978 97 26 49 40 148 163 3 2132 16 37 76 233 49 197 140 246 79 2165 5 136 155 1304 132 34 35 135 97
internal_value=-0.00406896 0.0531378 -0.0348608 0.0312868 -0.0374153 0.0108793 0.000548609 -0.0389341 0.0433989 -0.0274685 -0.00473633 -0.0186462 0.0214346 0.00916144 0.0308544 0.0956808 0.0237438 0.0362676 0.0527777 0.0351881 -0.0276423 -0.0215402 0.0279373 0.0534465 0.0626107 0.0482712 0.0294784 0.0250747 0.00633239 0.087149
internal_weight=1350.41 472.524 877.881 142.9 818.811 24.9646 59.0698 793.846 106.942 30.6939 35.9573 25.2204 32.0001 24.0841 28.3759 2.8048 25.5711 20.9513 74.9422 24.1465 16.587 24.8819 10.7369 6.1952 329.625 38.0337 16.9622 5.54408 10.2284 8.3776
internal_count=145881 4963 140918 3212 136278 2337 4640 133941 698 3981 2514 2153 276 239 659 89 570 337 422 176 2191 2137 361 225 1751 447 301 183 267 146
is_linear=0
shrinkage=0.04


Tree=21
num_leaves=31
num_cat=0
split_feature=16 20 23 2 2 16 2 16 26 4 21 4 37 21 21 2 25 9 10 5 8 20 39 5 3 9 26 8 21 1
split_gain=1417.56 71.8788 52.0925 37.6543 28.9451 21.1267 31.8882 13.42 11.7587 8.28451 7.64768 7.38943 7.23548 7.32055 11.1082 6.96878 6.46389 12.8999 6.10132 8.29651 5.25729 5.06883 5.28273 4.83625 4.82606 17.6835 4.70858 6.96661 4.15106 5.37145
threshold=0.48684211075305944 0.77500000596046459 1.0000000180025095e-35 0.77865934371948253 0.89314278960227977 0.36602871119976049 0.88837432861328136 0.83771929144859325 0.93969696760177623 0.88194444775581371 1.0000000180025095e-35 0.10555555671453477 1.0000000180025095e-35 50.500000000000007 65.500000000000014 0.706558257341385 0.81673949956893932 0.44543650746345526 1.5000000000000002 0.61250001192092907 5.5000000000000009 0.45000000298023229 1.0000000180025095e-35 0.73214286565780651 0.78192934393882763 0.86425063014030468 0.8216732144355775 2.5000000000000004 1.0000000180025095e-35 1.0000000180025095e-35
decision_type=2 2 2 2 2 2 2 2 2 2 2 2 2 2 2 2 2 2 2 2 2 2 2 2 2 2 2 2 2 2
left_child=2 3 5 7 24 -1 9 16 10 -7 -5 -12 -6 23 -15 18 17 -2 19 20 -3 22 -8 -14 -4 -26 -9 -28 -10 -30
right_child=1 15 4 8 12 6 21 26 28 -11 11 -13 13 14 -16 -17 -18 -19 -20 -21 -22 -23 -24 -25 25 -27 27 -29 29 -31
leaf_value=-0.040010811931729312 0.093746533478636887 0.024991857520024769 -0.032835903835497303 -0.0072135167156660877 -0.0067365889640566279 -0.035451744889428961 -0.0015163990501959449 0.07147601344055296 0.03220803764135987 0.15095995063673476 0.09588683575597591 0.033390412370660531 -0.026257055187076495 0.13894325170050623 0.024540871662218008 0.062838400913840187 -0.025214674054426123 -0.0069455689754828499 0.054565450920906998 0.072421528279404762 -0.043000785780555766 0.084874105346362222 0.078609813919705701 0.0357765516596757 0.16158680323669378 -0.040770423172640867 0.074343304467312021 -0.018676866662036964 0.096966399026285593 0.05682796661080472
leaf_weight=736.06243605865166 2.3792283888906267 4.224616833496837 26.521639722865078 7.117801869288086 6.8941204231232431 24.247499408666048 3.6477817818522436 4.3853474566712958 6.4671284295618525 0.38754945993423362 3.1843829602003089 61.268999330699444 2.3414696566760584 2.6587608503177753 2.7756660049781203 292.8564000800252 23.048844445031136 14.099141679704188 28.101073451340199 3.2406915202736855 3.1960550779476762 4.308970469981432 2.0600034492090344 14.239724506624043 0.97461879905313198 2.3740189387463033 2.0517244460061193 3.4617025023326278 7.3743392601609257 19.284559532999992
leaf_count=131172 225 111 3743 58 293 3963 116 79 45 3 15 515 94 39 74 1347 1670 1249 235 15 142 38 19 159 34 204 19 79 38 88
internal_value=-0.00402772 0.0502389 -0.0358056 0.0276683 0.000491548 -0.0385739 -0.00805115 -0.00110723 0.0412528 -0.0325192 0.0321329 0.0364781 0.0290234 0.0402215 0.0805116 0.0607288 -0.0115377 0.00759285 0.0447906 0.0190261 -0.00429231 0.0521252 0.027402 0.0270166 -0.0271228 0.0181255 0.0405429 0.0159389 0.0609569 0.067931
internal_weight=1315.24 485.742 829.494 154.123 58.78 770.714 34.6518 49.426 104.697 24.635 71.5712 64.4534 28.9097 22.0156 5.43443 331.619 39.5272 16.4784 38.7624 10.6614 7.42067 10.0168 5.70779 16.5812 29.8703 3.34864 9.89877 5.51343 33.126 26.6589
internal_count=145881 5930 139951 4080 4640 135311 4139 3321 759 3966 588 530 659 366 113 1850 3144 1474 503 268 253 173 135 253 3981 238 177 98 171 126
is_linear=0
shrinkage=0.04


Tree=22
num_leaves=31
num_cat=0
split_feature=16 20 24 3 2 16 2 4 4 2 2 8 8 2 20 37 21 21 10 26 5 21 3 10 16 10 18 22 24 5
split_gain=1336.96 69.9268 50.8763 34.5003 27.2819 20.94 30.047 15.3743 22.6958 16.9257 12.6198 12.4568 9.98533 7.34758 6.53448 6.42882 6.23973 5.92891 5.54153 7.86413 7.34792 5.42173 4.64679 11.5478 4.57153 4.50904 4.50106 4.22217 4.19875 3.55244
threshold=0.48684211075305944 0.77500000596046459 1.0000000180025095e-35 0.32173123955726629 0.89314278960227977 0.36602871119976049 0.74990746378898632 0.087121214717626586 0.47727273404598242 0.96805173158645641 0.460801512002945 1.0000000180025095e-35 2.5000000000000004 0.706558257341385 0.77500000596046459 1.0000000180025095e-35 45.500000000000007 65.500000000000014 3.5000000000000004 0.60749301314353954 0.61250001192092907 7.5000000000000009 0.78192934393882763 1.0000000180025095e-35 0.96064814925193798 8.5000000000000018 1.0000000180025095e-35 2.5000000000000004 0.061555501073598869 0.73214286565780651
decision_type=2 2 2 2 2 2 2 2 2 2 2 2 2 2 2 2 2 2 2 2 2 2 2 2 2 2 2 2 2 2
left_child=2 3 4 10 22 -4 -7 21 9 -9 12 -10 25 18 27 -6 29 -18 19 20 -3 -5 -1 -24 -12 -2 -16 -8 -14 -17
right_child=1 13 5 7 15 6 14 8 11 -11 24 -13 28 -15 26 16 17 -19 -20 -21 -22 -23 23 -25 -26 -27 -28 -29 -30 -31
leaf_value=-0.032724629708217393 0.11200694646740925 -0.036565249941172821 -0.039992961176932719 0.075488998508711033 -0.0065084741748237997 -0.038303700069739877 0.039409253889189783 -0.016087472144141305 0.062380412664767217 0.14631491119929782 -0.030109139925339392 0.031468541978032359 -0.041743057700385937 0.061395939454749644 0.10940640988979498 -0.02462346735126111 0.097353122736034567 0.023129025889642371 0.059783855310885085 0.043309797639253161 0.077534341611274732 0.16111555583349513 -0.040487879817505984 0.11159533040012598 0.046935794235227722 0.037089611860691797 0.027790202126712776 -0.018033451588801701 0.021532332021143286 0.031024956013156406
leaf_weight=26.185713185928766 2.0058206864632648 4.2619870477356043 707.09181221853942 3.8659421578049651 6.8512110970914391 20.485435485839844 5.6818521874956769 17.621261604595933 31.002058980055153 1.0903238579630841 21.667893290519718 63.747076295316219 3.1792429685592651 287.84866556338966 2.7797883357852688 2.1336149694398054 4.4066751748323432 2.8262243727222085 17.242694810032845 16.222573313862085 1.1458494365215299 1.7049434981308875 2.1134519795887168 1.2842497481033204 1.3065349552780379 3.5788796627894044 1.7692527258768675 3.2005717987194657 3.5531909079290926 13.133783688768744
leaf_count=3836 49 183 131095 51 293 3585 181 533 149 6 2272 474 235 1347 25 88 60 74 104 210 6 32 203 35 28 33 88 244 218 144
internal_value=-0.00398637 0.0487103 -0.0356754 0.02652 9.41353e-05 -0.0385203 -0.00781832 0.0368182 0.0336328 -0.00662429 -0.00821375 0.041583 0.0244539 0.0591916 0.0386774 0.0274166 0.0377466 0.0683504 0.0428685 0.0293845 -0.012389 0.101695 -0.0270141 0.0169959 -0.0257277 0.0639972 0.0776635 0.0187111 -0.00834807 0.0232481
internal_weight=1280.99 481.045 799.944 154.323 58.9349 741.009 33.9169 119.032 113.461 18.7116 35.2916 94.7491 12.3171 326.722 13.4315 29.3515 22.5003 7.2329 38.8731 21.6304 5.40784 5.57089 29.5834 3.3977 22.9744 5.5847 4.54904 8.88242 6.73243 15.2674
internal_count=145881 5930 139951 4080 4733 135218 4123 1245 1162 539 2835 623 535 1850 538 659 366 134 503 399 189 83 4074 238 2300 82 113 425 453 232
is_linear=0
shrinkage=0.04


Tree=23
num_leaves=31
num_cat=0
split_feature=16 20 23 7 7 16 6 7 6 7 25 16 21 6 8 40 6 15 7 4 9 7 7 40 6 25 6 6 7 9
split_gain=1262.15 67.7583 50.7085 34.1384 25.778 20.7091 27.9386 15.657 13.5279 11.0218 10.829 10.7782 9.64163 7.91741 7.85108 8.85992 8.73592 7.23135 5.58212 15.6815 5.46883 4.6441 4.63838 5.8508 4.30148 4.2019 4.11618 3.65464 8.46831 3.57049
threshold=0.48684211075305944 0.77500000596046459 1.0000000180025095e-35 0.34066730737686163 0.63003221154212963 0.36602871119976049 0.76043477654457103 0.92546296119689953 0.31622806191444403 1.0000000180025095e-35 0.95589500665664684 0.94281044602394115 54.500000000000007 0.43513323366642004 2.5000000000000004 73.500000000000014 0.15184453129768374 0.35857143998146063 0.3464102596044541 0.16025641560554507 0.36435787379741674 0.64126753807067882 0.77525508403778087 2.5000000000000004 0.79361054301261913 0.64555999636650097 0.94201681017875682 0.13100686669349673 0.19326541572809222 0.31455026566982275
decision_type=2 2 2 2 2 2 2 2 2 2 2 2 2 2 2 2 2 2 2 2 2 2 2 2 2 2 2 2 2 2
left_child=2 3 5 9 29 -1 18 8 -5 14 -8 -10 20 17 15 -2 -16 -3 -7 -20 -11 25 23 -23 -24 -6 -12 -19 -29 -4
right_child=1 13 4 7 21 6 10 -9 11 12 26 -13 -14 -15 16 -17 -18 27 19 -21 -22 22 24 -25 -26 -27 -28 28 -30 -31
leaf_value=-0.039975380215464242 0.024347877611677532 -0.022573016690415806 0.12411788160717782 0.10029224326556146 0.18903293940742241 -0.0381962276089216 0.15486154549820272 0.062399171382536631 0.019976808383454451 0.037459122598638053 0.00038855452364033275 0.069216411041754647 0.12147665778806971 0.060617426851790397 -0.029180611466159793 0.1302576755955569 0.0898207871177229 0.059914963718466642 0.27750986940943834 -0.0095144076073077708 -0.030912296094438161 0.04631626524292802 0.078958481558092763 -0.019543467839369288 0.025814860925592792 0.030644978825527112 0.065255926096011344 0.0034857763616434338 0.050765669595570037 -0.0298130010713199
leaf_weight=680.06448573805392 3.9738373951986414 2.4938537720590821 0.243310851976278 3.9590781992301336 0.51621272042393929 19.671774686314169 1.506151009351014 28.052882246673107 75.485385673586279 2.0317977624945405 2.8934997185133398 7.8527157269418231 0.73414990864694019 266.22654383443296 5.1264535873197019 1.8531569535844026 1.2223636698909102 21.330106379464269 0.32188934274017711 5.6563654053024948 23.773861589841545 3.0876757837831992 2.8409835193306234 7.1696191560477018 17.132513183169067 0.55732895899564028 3.4094046140089631 8.1908299177885073 23.313216563314199 26.52614356810227
leaf_count=131172 67 115 36 45 9 3579 12 131 693 164 81 36 47 1263 317 19 76 130 14 427 2485 65 53 350 213 41 26 214 128 3873
internal_value=-0.00394626 0.0473056 -0.0355384 0.0254941 0.000404992 -0.0384638 -0.00774152 0.0364025 0.0280485 -0.00700674 0.058503 0.0246165 -0.0214626 0.0577561 0.0245029 0.0580303 -0.00626879 0.0439879 -0.0279094 0.00593994 -0.0255291 0.0250491 0.0221458 0.000281789 0.0333739 0.106806 0.035477 0.0471296 0.0384732 -0.0284139
internal_weight=1247.22 475.62 771.597 154.066 58.0738 713.524 33.4591 115.35 87.2972 38.7156 7.80906 83.3381 26.5398 321.555 12.1758 5.82699 6.34882 55.328 25.65 5.97825 25.8057 31.3043 30.2308 10.2573 19.9735 1.07354 6.3029 52.8342 31.504 26.7695
internal_count=145881 5930 139951 4080 4640 135311 4139 905 774 3175 119 729 2696 1850 479 86 393 587 4020 441 2649 731 681 415 266 50 107 472 342 3909
is_linear=0
shrinkage=0.04


Tree=24
num_leaves=31
num_cat=0
split_feature=16 20 23 6 7 16 2 7 6 16 40 6 7 12 12 9 8 16 9 12 8 7 10 40 9 7 2 25 2 6
split_gain=1192.19 65.7549 50.1285 32.5741 23.9224 20.4892 26.7564 12.1473 14.05 10.4072 8.63074 9.19415 8.26012 12.5484 7.93631 7.36544 6.17439 6.07366 4.38706 4.29644 8.69032 5.39944 4.18532 4.37747 6.75943 4.9791 3.84105 9.76281 4.68002 3.60524
threshold=0.48684211075305944 0.77500000596046459 1.0000000180025095e-35 0.80707195401191723 0.63003221154212963 0.36602871119976049 0.74990746378898632 0.34066730737686163 0.31622806191444403 0.83771929144859325 49.500000000000007 0.92637759447097789 0.46720430254936224 1.0000000180025095e-35 1.0000000180025095e-35 0.44543650746345526 13.500000000000002 0.64495798945426952 0.91240409016609203 1.0000000180025095e-35 3.5000000000000004 0.82891985774040233 1.5000000000000002 2.5000000000000004 0.79205974936485302 0.90399384498596203 0.87903141975402843 0.54633650183677684 0.89777886867523204 0.11215933039784433
decision_type=2 2 2 2 2 2 2 2 2 2 2 2 2 2 2 2 2 2 2 2 2 2 2 2 2 2 2 2 2 2
left_child=2 3 5 7 26 -1 -7 9 -9 15 11 -8 13 17 -10 -2 -11 18 -3 20 -5 -22 23 24 -6 -25 29 28 -28 -4
right_child=1 12 4 19 22 6 10 8 14 16 -12 -13 -14 -15 -16 -17 -18 -19 -20 -21 21 -23 -24 25 -26 -27 27 -29 -30 -31
leaf_value=-0.03995763780056448 0.029967147750657785 -0.041189869936990274 0.11301214336367268 0.0093185878265985827 0.095125467323634166 -0.038156183146522006 -0.002746221068274767 0.091814484434934659 0.024345759456648745 0.052176903037312636 0.11626685282902864 0.071273911792698638 0.059365977470359967 -0.02438360794800546 -0.012566582153271817 -0.025300092149318339 -0.042921769293715183 0.051495819447151564 0.052283509304007554 0.058616043969598117 0.088552549332281613 0.034568697770844009 0.090154986066830894 -0.0074034549589054059 0.023620045621702779 0.053432132132825425 0.033031566748170746 -0.027982219100098595 0.20385893386430806 -0.036547689440117631
leaf_weight=653.68313284683973 4.5246823672205236 2.0291738919913764 0.26099765487015858 10.515896555036308 2.4972648555412968 19.144122312776744 7.829385295044629 4.2801700397394589 44.675637857057154 6.1821198100224128 1.8151928386650968 4.0861973008140922 261.67341601103544 4.1759577048942438 11.77611706079915 26.192265151068568 1.3267997093498705 46.929220776073635 1.3298929678276179 32.303295129910111 5.4474581815302354 6.5035958960652351 1.4447944480925787 11.385931983590124 13.8255624640733 2.6543855480849734 0.54104319494217523 3.1276563000865281 0.48807377368211746 21.617841981817037
leaf_count=131172 411 121 43 53 32 3601 462 46 374 117 46 30 1254 61 200 2604 43 389 25 167 30 35 26 482 155 36 40 269 12 3545
internal_value=-0.00390604 0.0459816 -0.0353951 0.0245231 0.000365957 -0.038408 -0.00759491 0.0108248 0.0219433 -0.00683986 0.0350151 0.0226374 0.0564162 0.0422439 0.0166457 -0.0171591 0.0353733 0.0477767 -0.00418269 0.049273 0.0358393 0.0591753 0.0236389 0.0204738 0.0345598 0.00409779 -0.0280668 0.00718128 0.114049 -0.0347636
internal_weight=1214.27 469.866 744.402 153.728 57.8436 686.558 32.8749 98.9578 60.7319 38.2259 13.7308 11.9156 316.138 54.4642 56.4518 30.7169 7.50892 50.2883 3.35907 54.7702 22.467 11.9511 31.8079 30.3631 16.3228 14.0403 26.0356 4.15677 1.02912 21.8788
internal_count=145881 5930 139951 4080 4640 135311 4139 3795 620 3175 538 492 1850 596 574 3015 160 535 146 285 118 65 731 705 187 518 3909 321 52 3588
is_linear=0
shrinkage=0.04


Tree=25
num_leaves=31
num_cat=0
split_feature=15 20 23 15 6 7 7 8 20 6 5 1 7 4 6 7 37 40 7 21 24 27 6 3 21 7 21 7 4 9
split_gain=1113.9 53.4534 46.1955 34.2553 49.3513 26.4375 22.3813 12.3354 11.7361 13.4587 11.1302 8.33341 7.91121 7.35419 7.11651 6.86101 7.32565 6.03575 7.90003 6.00775 5.93097 10.7546 5.73051 5.3547 5.35109 5.21289 4.96219 4.83585 24.5523 4.33371
threshold=0.29520697891712194 0.77500000596046459 1.0000000180025095e-35 0.13100686669349673 0.7228132188320161 0.38790740072727209 0.52290210127830516 4.5000000000000009 0.45000000298023229 0.94201681017875682 0.93750000000000011 1.0000000180025095e-35 0.029631255194544796 0.73214286565780651 0.43513323366642004 0.72524511814117443 1.0000000180025095e-35 2.5000000000000004 0.88603895902633678 85.500000000000014 0.1034585013985634 0.15345369279384616 0.7228132188320161 0.89564427733421337 38.500000000000007 0.72524511814117443 27.500000000000004 0.18490028381347659 0.080128207802772536 0.90661337971687328
decision_type=2 2 2 2 2 2 2 2 2 2 2 2 2 2 2 2 2 2 2 2 2 2 2 2 2 2 2 2 2 2
left_child=2 5 3 -1 10 12 -4 15 9 -6 19 13 20 -9 -3 16 -7 22 23 -5 21 -2 25 -19 -12 -8 -24 -14 -29 -17
right_child=1 14 6 4 8 7 17 11 -10 -11 24 -13 27 -15 -16 29 -18 18 -20 -21 -22 -23 26 -25 -26 -27 -28 28 -30 -31
leaf_value=-0.039995113604817688 0.019218217046104265 0.04223953966371017 -0.032651580398864698 -0.034164911525125803 -0.02631682427814571 0.057023849998116723 0.056720475020954585 0.01783422033858606 0.085275517671405301 0.076704269238673087 0.0099495128892348392 0.050893519615783235 -0.034867584871282532 -0.029719373813510579 0.058324427365270957 0.07031728753754124 0.011780375329585448 -0.017774686872118521 0.060828983906759719 0.1208900818103268 -0.029054014736866831 0.15584531807196778 -0.012307553738206528 0.051989305660825047 0.14302093764349827 0.183905025666774 0.039645185424210215 0.17637770045561435 -0.028673794376847833 0.045017079756677673
leaf_weight=610.76878134347498 10.319272382184861 53.393212688155472 20.950526294764131 49.399999038316309 4.7857435438781994 8.8146167974919098 2.0075331209227474 17.979296324774626 7.9825328257866195 3.5222078850492835 1.2147088418714695 8.0065805315971357 13.380282404366882 7.3226704597473136 250.42920419201255 16.124136559665203 16.341761845164001 13.401904870290311 3.1578966900706282 0.40307818120345373 3.3650807491503647 1.0122254039160896 3.9680658765137187 2.0265013128519049 0.80319441715255369 0.69382309727370728 11.370799072086809 1.1328707952052344 5.3302374007180333 33.008416924625635
leaf_count=127303 360 523 3409 8542 246 59 91 163 69 48 54 37 1485 76 1228 79 117 876 38 9 295 74 39 42 7 9 136 16 284 167
internal_value=-0.00386556 0.0460256 -0.0340771 -0.0369946 -0.0100882 0.0257789 0.0003229 0.035553 0.0506392 0.0173596 -0.0291785 0.0153265 -0.0046689 0.00407168 0.0554977 0.0446218 0.0276334 0.0191844 0.00318694 -0.03291 0.0175755 0.0314229 0.0356662 -0.00861128 0.0629165 0.0893869 0.0262053 -0.0211437 0.00726818 0.05332
internal_weight=1182.42 445.96 736.457 678.88 68.1115 142.137 57.5771 107.597 16.2905 8.30795 51.821 33.3085 34.54 25.302 303.822 74.2889 25.1564 36.6265 18.5863 49.8031 14.6966 11.3315 18.0402 15.4284 2.0179 2.70136 15.3389 19.8434 6.46311 49.1326
internal_count=145881 4963 140918 136278 8975 3212 4640 698 363 294 8612 276 2514 239 1751 422 176 1231 956 8551 729 434 275 918 61 100 175 1785 300 246
is_linear=0
shrinkage=0.04


Tree=26
num_leaves=31
num_cat=0
split_feature=16 20 23 6 2 16 2 3 5 2 2 5 9 8 40 6 2 2 2 6 5 21 26 3 9 40 16 3 6 2
split_gain=1064.75 61.8634 48.8833 28.5185 20.3374 20.133 24.0559 10.4401 14.4734 12.2368 9.622 9.1426 8.81615 7.18976 7.1611 7.2416 5.5908 9.84847 7.18931 5.5836 8.68824 5.46305 5.23834 4.17714 12.3238 3.90221 3.89318 5.04806 3.8868 3.52936
threshold=0.48684211075305944 0.77500000596046459 1.0000000180025095e-35 0.80707195401191723 0.89314278960227977 0.36602871119976049 0.74990746378898632 0.29061582684516912 0.15476191043853763 0.48740981519222265 0.706558257341385 0.61250001192092907 0.5040983557701112 2.5000000000000004 49.500000000000007 0.92637759447097789 0.9000087082386018 0.89777886867523204 0.9384731948375703 0.13574938476085666 0.61250001192092907 27.500000000000004 0.64126753807067882 0.78192934393882763 0.86425063014030468 72.500000000000014 0.62828946113586437 0.9607692062854768 0.99038460850715648 0.47601704299449926
decision_type=2 2 2 2 2 2 2 2 2 2 2 2 2 2 2 2 2 2 2 2 2 2 2 2 2 2 2 2 2 2
left_child=2 3 5 7 23 -1 -7 9 12 13 19 -10 -9 -2 15 -8 17 -6 28 25 22 -20 -21 29 -25 -3 27 -5 -18 -4
right_child=1 10 4 26 16 6 14 8 11 -11 -12 -13 -14 -15 -16 -17 18 -19 21 20 -22 -23 -24 24 -26 -27 -28 -29 -30 -31
leaf_value=-0.03992211208367568 0.051512171354893443 0.034534976517799153 0.11606737892927761 0.0063336214518983748 0.0010533431428542443 -0.037991692462053007 -0.0025167450293401812 0.1964953957747648 -0.018583559392854925 -0.031685957123318266 0.056624479265596099 0.020551860586517583 0.057924262028427015 -0.0056530233596198253 0.1033996993496554 0.062463873533732353 -0.033951066286776542 0.18761850630066257 -0.0025088487950910071 -0.044454248101220534 0.061066332149732359 0.040214339605000142 0.015465068837566884 0.11699202417859064 -0.040860355692567199 0.068957438939494756 0.051660713667594449 0.061399978466152874 0.070035382290058068 -0.033314042149443307
leaf_weight=604.08215350145474 6.0337814330123392 12.447439759969713 0.25591157888994231 7.6088472194969636 0.94475785968825465 17.837822804227475 7.7074329634197039 0.84913333551958103 11.873143258038906 17.281232230365276 265.84238562360406 48.834853955544531 5.4464680459350348 8.4503071997314674 1.9434717465192068 4.2610439267009497 5.0652098162099746 0.86925567593425512 6.7254240158945349 3.124134243931624 5.4185125343501559 16.630465723574162 9.2351144757121784 1.2318345662206405 2.212939556222409 9.1371264546178264 42.509667813777924 4.0982982143759727 0.64878606796264637 22.705054749269038
leaf_count=131172 113 102 44 50 54 3601 462 13 541 1933 1347 426 140 629 46 30 234 27 99 159 27 241 156 34 204 59 215 20 4 3699
internal_value=-0.00382613 0.0434856 -0.0351017 0.0227257 0.00028734 -0.0382903 -0.00724323 0.00993031 0.0188846 -0.00895722 0.0538916 0.0128978 0.0766144 0.0181609 0.0321823 0.0206178 0.0223243 0.0904534 0.018073 0.0354342 0.0188342 0.027912 0.000318842 -0.0254869 0.0155869 0.0491066 0.0460357 0.0256106 -0.0221441 -0.0316491
internal_weight=1151.31 458.19 693.122 152.986 57.2896 635.832 31.7498 98.7689 67.0036 31.7653 305.205 60.708 6.2956 14.4841 13.9119 11.9685 30.8839 1.81401 29.0699 39.3623 17.7778 23.3559 12.3592 26.4057 3.44477 21.5846 54.2168 11.7071 5.714 22.961
internal_count=145881 5930 139951 4080 4640 135311 4139 3795 1120 2675 1850 967 153 742 538 492 659 81 578 503 342 340 315 3981 238 161 285 70 238 3743
is_linear=0
shrinkage=0.04


Tree=27
num_leaves=31
num_cat=0
split_feature=16 23 7 16 7 16 7 19 7 16 4 10 9 21 6 9 26 16 40 21 7 40 6 7 14 37 6 18 12 7
split_gain=1006.91 48.2479 43.1542 26.4013 20.0254 19.9608 22.2502 15.2985 10.9073 9.06408 7.75162 8.9334 11.2297 7.13431 6.31469 6.68974 6.17146 7.07533 5.90731 5.64102 5.33509 5.29441 6.02491 3.88063 3.71927 3.56983 3.47108 3.46029 2.92149 4.8184
threshold=0.48684211075305944 1.0000000180025095e-35 0.456832304596901 0.77097901701927196 0.46385017037391668 0.36602871119976049 0.3464102596044541 1.0000000180025095e-35 0.92546296119689953 0.85164836049079906 0.47727273404598242 2.5000000000000004 0.89564427733421337 1.0000000180025095e-35 0.36700680851936346 0.89323708415031444 0.82385262846946727 0.91287881135940563 2.5000000000000004 89.500000000000014 0.88603895902633678 49.500000000000007 0.92637759447097789 0.54616478085517894 0.27602627873420721 1.0000000180025095e-35 0.11215933039784433 1.0000000180025095e-35 1.0000000180025095e-35 0.11342195793986322
decision_type=2 2 2 2 2 2 2 2 2 2 2 2 2 2 2 2 2 2 2 2 2 2 2 2 2 2 2 2 2 2
left_child=1 5 3 10 26 -1 -7 8 9 13 11 19 -13 -4 15 -6 28 27 25 -2 -20 22 -8 -11 -23 -16 -3 -18 29 -5
right_child=2 4 7 16 14 6 21 -9 -10 23 -12 12 -14 -15 18 -17 17 -19 20 -21 -22 24 -24 -25 -26 -27 -28 -29 -30 -31
leaf_value=-0.039904110010333754 -0.027966554012447929 0.10550596733420381 -0.010636019462444839 0.037116087773106439 0.31579145748980003 -0.037856540475467368 -0.0019888607231226788 0.055890075481092157 0.056860701048783477 0.014393736415726546 0.073072947936563576 -0.0097336721777454994 0.077738943655852252 0.028407199340490807 -0.007380282274164332 0.047935428525897703 -0.02648064314450101 0.036518654375309864 -0.01076807122999404 0.11449259685060277 0.045809976191304815 0.1580559987006806 0.056692588031659705 0.051479773410095415 0.048373835001387977 0.037515227182972344 -0.037895566724120748 0.022356724217722806 0.0013090001009113167 0.069354301980124933
leaf_weight=580.65233790781349 24.064295133110139 0.27441458310932176 8.5802381150424463 19.102754732593898 0.22440115688368578 17.069353157654408 7.607540959492324 204.96969911642373 40.426600575447083 5.1330641973763695 1.8013534136116494 7.3077667509205622 3.4601027681492269 58.839190665632486 3.4483872507698843 0.44508466217666864 5.7220584470778721 16.422555400058627 16.487136169802401 0.45310388319194217 3.1811732761561862 0.77179710846394245 4.4293345268815756 37.456629119813442 1.3775700256228445 15.898664290551096 17.058781107421964 3.9057213431224227 2.1386222732253364 12.127016525715588
leaf_count=131172 2323 43 64 315 27 3579 462 1056 207 27 13 595 73 434 98 33 328 119 1112 6 35 19 31 200 48 255 3037 38 38 94
internal_value=-0.00378694 -0.0349487 0.0423393 0.0186183 0.000243541 -0.038228 -0.00708932 0.0487803 0.0390933 0.032564 -0.00786361 -0.0119955 0.0183744 0.0234383 0.01591 0.137717 0.0351472 0.0205573 0.0138199 -0.0253338 -0.00161708 0.0299308 0.0196048 0.04701 0.0877586 0.0295131 -0.0356253 -0.00666869 0.0465374 0.0496347
internal_weight=1120.84 668.926 451.911 96.5054 57.018 611.908 31.2556 355.405 150.436 110.009 37.0866 35.2853 10.7679 67.4194 39.6848 0.669486 59.4187 26.0503 39.0154 24.5174 19.6683 14.1862 12.0369 42.5897 2.14937 19.3471 17.3332 9.62778 33.3684 31.2298
internal_count=145881 139951 5930 3942 4640 135311 4139 1988 932 725 3010 2997 668 498 1560 60 932 485 1500 2329 1147 560 493 227 67 353 3080 366 447 409
is_linear=0
shrinkage=0.04


Tree=28
num_leaves=31
num_cat=0
split_feature=16 20 23 7 16 2 7 16 3 4 2 7 12 40 6 16 6 9 40 9 7 9 2 9 7 15 16 7 4 9
split_gain=951.987 59.8328 47.614 25.6402 19.8076 21.47 18.8729 13.1506 11.2676 16.9357 10.5944 10.2643 11.0001 5.14462 5.87143 4.97133 4.8353 5.72608 5.32558 5.09242 3.98198 3.64367 3.53304 3.61133 3.49052 2.50219 2.0552 2.04063 1.28964 1.1905
threshold=0.48684211075305944 0.77500000596046459 1.0000000180025095e-35 0.87652438879013073 0.36602871119976049 0.74990746378898632 0.46385017037391668 0.94281044602394115 0.31311275064945226 0.087121214717626586 0.460801512002945 0.46720430254936224 1.0000000180025095e-35 49.500000000000007 0.92637759447097789 0.64495798945426952 0.36700680851936346 0.86715686321258556 2.5000000000000004 0.78192934393882763 0.11342195793986322 0.91240409016609203 0.47601704299449926 0.32529069483280187 0.54316771030426036 0.61721614003181469 0.59411767125129711 0.53045761585235607 0.81666666269302379 0.31455026566982275
decision_type=2 2 2 2 2 2 2 2 2 2 2 2 2 2 2 2 2 2 2 2 2 2 2 2 2 2 2 2 2 2
left_child=2 3 4 7 -1 29 22 8 10 -10 -2 12 15 14 -7 21 17 -8 24 -20 -17 -3 -4 -24 -18 -14 -13 -9 -5 -6
right_child=1 11 6 28 5 13 16 27 9 -11 -12 26 25 -15 -16 20 18 -19 19 -21 -22 -23 23 -25 -26 -27 -28 -29 -30 -31
leaf_value=-0.039885967629145917 0.018929267231099438 -0.041201470955870463 0.10824175292448809 0.069641865547749829 0.0098321954412065211 -0.0021633667066195635 0.26753502235980225 0.033677536486652573 0.08506468239539075 0.011790273836325119 -0.030458550081955773 0.077176801276777937 -0.06177131055500084 0.086180628335280757 0.055846657022972472 0.034149074656669907 -0.041187787291995147 0.036620749381542951 -0.042533336012203077 0.0085894086313170817 0.05768557600744148 0.043306870844476382 0.10668903763070603 -0.040231493405918299 0.032035562685479697 0.00073288960531201137 0.054680429981149005 0.070419312778271542 0.049955431555525863 -0.040221691689039524
leaf_weight=558.13333652773872 11.049685309175404 1.9489784035831683 0.26936615724116819 7.0312732532620457 0.7986986623145701 7.6477905744686705 0.25923682702705164 3.9211222101002914 5.3958266498520961 78.028699359390885 18.728686677757651 6.6840752139687529 1.8096379628404964 2.1501778922975054 4.3964300528168678 25.855496350675821 1.1036896365694726 0.5095439893193543 3.8902135137468603 15.69665906857699 20.715750023722649 1.4046513014473019 0.27218259265646594 16.194675736594945 18.52256801025942 2.3627085834741592 232.80856494605541 6.3118364661931992 21.930039018392563 15.804897717200218
leaf_count=131172 524 121 43 34 169 462 22 45 94 1010 2231 37 39 46 30 261 102 38 220 927 128 25 42 2995 251 22 1217 30 112 3432
internal_value=-0.00374624 0.041198 -0.0347918 0.0208627 -0.0381628 -0.00693429 0.000210832 0.0129153 0.00898994 0.0165296 -0.0121325 0.0517537 0.036017 0.0291865 0.0190117 0.0412314 0.0151393 0.114486 0.0131916 -0.00156425 0.0446185 -0.00580557 -0.0354525 -0.037803 0.0279178 -0.0263765 0.0553083 0.0563404 0.0547349 -0.0378139
internal_weight=1091.64 445.987 645.649 152.397 588.931 30.798 56.7181 123.436 113.203 83.4245 29.7784 293.59 54.0972 14.1944 12.0442 49.9249 39.9819 0.768781 39.2131 19.5869 46.5712 3.35363 16.7362 16.4669 19.6263 4.17235 239.493 10.233 28.9613 16.6036
internal_count=145881 5930 139951 4080 135311 4139 4640 3934 3859 1104 2755 1850 596 538 492 535 1560 60 1500 1147 389 146 3080 3037 353 61 1254 75 146 3601
is_linear=0
shrinkage=0.04


Tree=29
num_leaves=31
num_cat=0
split_feature=16 20 23 6 16 2 7 7 12 16 14 9 2 12 8 7 20 18 19 6 2 7 7 7 2 14 24 9 2 14
split_gain=900.643 58.291 47.035 24.6058 19.6389 20.235 17.7911 10.6086 10.1635 9.01638 8.13382 10.0219 9.23732 5.07024 7.67283 5.01627 4.8544 4.57444 5.48432 4.41386 3.85667 6.78144 5.43825 4.83936 3.83942 3.83128 5.58884 3.46447 3.77715 3.21189
threshold=0.48684211075305944 0.77500000596046459 1.0000000180025095e-35 0.80707195401191723 0.36602871119976049 0.74990746378898632 0.46385017037391668 0.46720430254936224 1.0000000180025095e-35 0.59411767125129711 0.70064935088157665 0.44543650746345526 0.87272754311561596 1.0000000180025095e-35 3.5000000000000004 0.82891985774040233 0.77500000596046459 1.0000000180025095e-35 1.0000000180025095e-35 0.94201681017875682 0.9384731948375703 0.47100840508937841 0.90399384498596203 0.70320320129394542 0.95574390888214122 0.16018867492675784 0.085528496652841582 0.31455026566982275 0.47601704299449926 0.82777160406112682
decision_type=2 2 2 2 2 2 2 2 2 2 2 2 2 2 2 2 2 2 2 2 2 2 2 2 2 2 2 2 2 2
left_child=2 3 4 9 -1 -6 27 8 17 25 11 -11 -12 14 -5 -16 19 -3 -19 -7 21 -8 -23 24 -22 26 -2 -4 -29 -27
right_child=1 7 6 13 5 16 20 -9 -10 10 12 -13 -14 -15 15 -17 -18 18 -20 -21 23 22 -24 -25 -26 29 -28 28 -30 -31
leaf_value=-0.039867654434741169 -0.040657881287159324 0.054661766772557158 0.10582261235382123 0.0029196687665601646 -0.037714347334188936 -0.0082219889939836553 0.16423032203462512 0.05440612683121257 -0.025667358685986727 0.12280750519677232 -0.014062675352203775 0.022973689482629504 0.020624410641284424 0.052887283612480629 0.077401068635023967 0.026127423584017154 0.060692733655766315 0.069469864730170777 0.022488068109213274 0.049122785322103367 0.023120516638717569 -0.011485016149849739 0.075428706296938999 0.018223057261408621 0.11925066332851646 -0.02923520349279457 0.18280089692204338 0.11343453534660299 -0.040222537521146927 0.11669145617120968
leaf_weight=536.490012770053 0.3667203295044591 19.756739982403815 0.27371244318783539 10.578226860612633 15.994806970003994 6.3110424587503058 0.38971274252981203 233.83892457187176 4.1187275084666899 1.6883042301051308 25.530604857951403 34.181258003227413 23.674350531771779 30.080249678343534 5.5830259509384614 6.7365781292319298 4.7693374948576084 4.7170290788635638 25.285849400330335 3.2553510796278715 1.225505151785913 14.665850073099135 1.2500465512275685 21.33922116830945 1.4528365600854156 12.903900069184598 0.34999008476734161 0.26022509345784683 15.631277602631597 0.24592923792079169
leaf_count=131172 47 139 36 53 3601 401 46 1254 61 86 1286 736 172 167 30 35 113 38 358 24 46 1171 10 264 23 1449 4 38 3006 15
internal_value=-0.00370595 0.0401356 -0.0346286 0.0200913 -0.0380973 -0.00678349 0.000178094 0.0507193 0.0347179 0.00831167 0.0131866 0.0276727 0.00262658 0.0420908 0.0279077 0.0493637 0.027727 0.0397161 0.0298745 0.0112919 0.0143914 -0.000622208 -0.00465875 0.0245842 0.0752652 -0.0215974 0.0684634 -0.0352761 -0.0377064 -0.0265061
internal_weight=1062.95 439.636 623.309 151.919 566.821 30.3305 56.4884 287.717 53.8783 98.9411 85.0745 35.8696 49.205 52.9781 22.8978 12.3196 14.3357 49.7596 30.0029 9.56639 40.3232 16.3056 15.9159 24.0176 2.67834 13.8665 0.71671 16.1652 15.8915 13.1498
internal_count=145881 5930 139951 4080 135311 4139 4640 1850 596 3795 2280 822 1458 285 118 65 538 535 396 425 1560 1227 1181 333 69 1515 51 3080 3044 1464
is_linear=0
shrinkage=0.04


Tree=30
num_leaves=31
num_cat=0
split_feature=16 20 23 7 16 2 7 16 2 3 4 2 7 5 8 14 20 6 6 40 9 9 6 9 37 7 35 6 16 15
split_gain=851.804 56.9397 46.475 23.9163 19.43 19.11 16.7797 12.3432 11.2767 9.64207 13.6567 10.3674 5.77263 7.3727 7.0923 6.22349 4.38153 3.9848 3.55623 4.66679 4.7867 3.66658 3.28561 3.3335 3.15753 1.92186 1.85541 1.77934 3.66639 1.86683
threshold=0.48684211075305944 0.77500000596046459 1.0000000180025095e-35 0.87652438879013073 0.36602871119976049 0.74990746378898632 0.46385017037391668 0.94281044602394115 0.706558257341385 0.29912281036376959 0.087121214717626586 0.460801512002945 1.0000000180025095e-35 0.61250001192092907 7.5000000000000009 0.6012820601463319 0.77500000596046459 0.94201681017875682 0.36700680851936346 2.5000000000000004 0.78192934393882763 0.8532998561859132 0.11215933039784433 0.31455026566982275 1.0000000180025095e-35 0.53045761585235607 1.0000000180025095e-35 0.55217784643173229 0.77097901701927196 0.36602871119976049
decision_type=2 2 2 2 2 2 2 2 2 2 2 2 2 2 2 2 2 2 2 2 2 2 2 2 2 2 2 2 2 2
left_child=2 3 4 7 -1 -6 22 9 12 11 -11 -2 14 15 -3 -14 17 -7 21 24 -21 -8 -4 -24 -20 -9 -18 28 -10 -29
right_child=1 8 6 -5 5 16 18 25 27 10 -12 -13 13 -15 -16 -17 26 -19 19 20 -22 -23 23 -25 -26 -27 -28 29 -30 -31
leaf_value=-0.039849145916941657 0.01784514011896848 0.062096740439442376 0.09889650268181821 0.052708623699509599 -0.037611508060601637 -0.0079465234026748471 0.19731349094399497 0.032262410589683599 0.017851614606351773 0.074351503084552184 0.010427760626112011 -0.031557189803846912 -0.044594701940504383 0.057373878467314808 0.0041620862732977158 0.015660073084675447 0.073576884682603025 0.046268689763147436 -0.0086429100998180602 -0.042531383049080489 0.0076556593195935213 0.029825798518130286 0.095864037717379044 -0.040214662652268383 0.032852537483486668 0.06806600984322303 0.019208927762163167 0.071122398587980321 0.050750562327730925 0.053504629698056187
leaf_weight=515.68857920262963 11.194591621868314 12.955829106271269 0.28741574892774124 27.977988794445992 15.408822615630926 6.269482290837912 0.33471895754337211 3.9245816282927972 6.6182532757520667 5.7335038436576715 79.401479207444936 17.300223429687321 3.4633297291584375 5.2791123092174521 4.5746651832014313 13.18029591348022 3.4038834986276916 3.3166079130023718 3.5680027510970858 3.7585161854513016 15.921198895201085 0.55736979283392429 0.29365683253854413 15.03522618440911 16.513257254380733 6.16990602388978 1.4246736662462351 10.12053664959967 29.934215888381004 195.86680668592453
leaf_count=131172 524 76 43 146 3601 401 20 45 49 130 1055 2150 169 28 45 185 29 24 98 220 927 40 35 3002 255 30 84 58 158 1082
internal_value=-0.00366487 0.0390704 -0.0344636 0.0193099 -0.0380337 -0.00664245 0.000147583 0.0117574 0.0497009 0.00799171 0.0147328 -0.0121488 0.0298682 0.016186 0.0469784 0.00312181 0.0264625 0.0108109 0.0136857 0.0119136 -0.00192928 0.0926685 -0.0350954 -0.0376078 0.0254797 0.0541461 0.0575355 0.052927 0.0447938 0.0543702
internal_weight=1035.48 433.695 601.781 151.702 545.512 29.8235 56.2694 123.724 281.993 113.63 85.135 28.4948 39.4532 21.9227 17.5305 16.6436 14.4146 9.58609 40.6531 39.761 19.6797 0.892089 15.6163 15.3289 20.0813 10.0945 4.82856 242.54 36.5525 205.987
internal_count=145881 5930 139951 4080 135311 4139 4640 3934 1850 3859 1185 2674 503 382 121 354 538 425 1560 1500 1147 60 3080 3037 353 75 113 1347 207 1140
is_linear=0
shrinkage=0.04


Tree=31
num_leaves=31
num_cat=0
split_feature=16 20 23 26 16 3 5 3 5 16 8 1 8 9 38 15 21 26 20 1 9 32 37 4 11 9 21 16 32 4
split_gain=806.53 55.6486 45.8987 19.8218 19.2244 16.97 13.3164 11.1975 10.5283 9.94575 8.83206 8.83512 6.99044 6.55378 6.37018 6.39703 6.15711 7.07672 5.35628 4.23316 3.85026 3.80525 3.69247 4.42274 3.87632 3.75203 3.4434 3.08557 2.40092 2.22427
threshold=0.48684211075305944 0.77500000596046459 1.0000000180025095e-35 0.93405798077583324 0.36602871119976049 0.53001201152801525 0.61250001192092907 0.92980295419693004 0.61250001192092907 0.94281044602394115 4.5000000000000009 1.0000000180025095e-35 3.5000000000000004 0.8532998561859132 1.0000000180025095e-35 0.53589746356010448 1.0000000180025095e-35 0.96824595332145702 0.77500000596046459 1.0000000180025095e-35 0.31455026566982275 9.5000000000000018 1.0000000180025095e-35 0.47727273404598242 1.0000000180025095e-35 0.86240702867507946 52.500000000000007 0.41421568393707281 15.500000000000002 0.88194444775581371
decision_type=2 2 2 2 2 2 2 2 2 2 2 2 2 2 2 2 2 2 2 2 2 2 2 2 2 2 2 2 2 2
left_child=2 3 4 9 -1 21 7 20 12 10 13 -12 -3 -2 15 -14 17 -5 27 -18 -4 -6 23 -8 25 -24 -26 -7 -21 -25
right_child=1 8 6 16 5 18 22 -9 -10 -11 11 -13 14 -15 -16 -17 19 -19 -20 28 -22 -23 24 29 26 -27 -28 -29 -30 -31
leaf_value=-0.039830411282957265 0.043997717421132496 0.046905582013434477 0.12496726184837222 -0.020365155779643995 -0.036012350469619328 0.019928391841291665 0.095215951719182401 0.2052300646075805 0.053007318997847996 0.051341573630450388 -0.011135047413199279 0.039972443193231087 -0.032705386452946981 0.011181029701129783 0.05913265189186695 0.020917212745056205 0.078965889491834348 0.051172340229418689 0.062808684538685031 0.020094360082250819 -0.035746814735287437 0.13371574807933045 0.021623246369760544 -0.040854410183506489 0.017798952336051964 -0.041148634038205803 0.05219889330687915 -0.04330033023162079 0.054036293211574771 0.0033613777534150951
leaf_weight=495.69655381864868 12.317522997502236 32.869835985358804 0.24195300228894367 4.2085182005539519 16.048533979803331 7.0785208665765804 0.57809029566123982 0.32039907202124496 213.93213836103678 8.9828384108841401 43.78311335388571 6.1754139196127644 4.3674246878363254 46.4757637870498 5.4064834685996166 19.244991222396493 8.4898779857903737 4.6649884851649404 4.4942539935000232 4.7264591306448009 16.748821679502726 0.21416709758341212 3.1066059330478337 3.8088730899617076 18.516591062303636 2.9898236184380949 6.2196363443508735 1.4958455362357197 11.321958050131796 3.4867149032652378
leaf_count=131172 203 248 28 75 3722 255 34 4 1202 70 2500 30 181 1022 33 186 59 32 53 26 3074 2 368 269 323 275 193 107 63 72
internal_value=-0.00362522 0.0381141 -0.0342963 0.0186064 -0.0379685 -0.00650284 0.000121584 -0.0290405 0.048804 0.0108898 0.00754846 -0.00481761 0.0342743 0.0180563 0.0199667 0.010999 0.045798 0.0172436 0.0274376 0.0561238 -0.0334582 -0.0337772 0.0131642 -0.0112839 0.0194074 -0.00916147 0.0264484 0.00889779 0.04404 -0.0197228
internal_weight=1008.01 426.967 581.045 151.146 525.028 29.3313 56.0175 17.3112 275.821 117.735 108.752 49.9585 61.8887 58.7933 29.0189 23.6124 33.4118 8.87351 13.0686 24.5383 16.9908 16.2627 38.7063 7.87368 30.8327 6.09643 24.7362 8.57437 16.0484 7.29559
internal_count=145881 5930 139951 4080 135311 4139 4640 3106 1850 3825 3755 2530 648 1225 400 367 255 107 415 148 3102 3724 1534 375 1159 643 516 362 89 341
is_linear=0
shrinkage=0.04


Tree=32
num_leaves=31
num_cat=0
split_feature=16 20 23 7 16 2 7 7 16 3 4 2 15 39 40 32 6 21 6 3 7 6 4 9 25 7 21 6 22 15
split_gain=763.548 54.3407 45.3035 22.4209 19.0255 17.1659 15.139 11.6613 10.6886 9.00102 13.9489 9.30714 6.23313 4.14571 4.55882 4.11057 8.55503 3.91967 3.83218 14.159 4.81164 3.04314 2.77055 2.73758 2.39504 2.01837 1.97714 1.37164 4.08367 2.16454
threshold=0.48684211075305944 0.77500000596046459 1.0000000180025095e-35 0.92546296119689953 0.36602871119976049 0.74990746378898632 0.46385017037391668 0.46720430254936224 0.94281044602394115 0.31311275064945226 0.087121214717626586 0.460801512002945 0.35857143998146063 1.0000000180025095e-35 49.500000000000007 1.5000000000000002 0.15849281847476962 93.500000000000014 0.40946348011493688 0.56306818127632152 0.54316771030426036 0.11215933039784433 0.63068181276321422 0.31455026566982275 1.2581989765167239 0.53045761585235607 76.500000000000014 0.55217784643173229 1.5000000000000002 0.36602871119976049
decision_type=2 2 2 2 2 2 2 2 2 2 2 2 2 2 2 2 2 2 2 2 2 2 2 2 2 2 2 2 2 2
left_child=2 3 4 8 -1 -6 21 12 9 11 -11 -2 26 14 -7 16 -14 18 19 -8 -20 -4 -15 -23 -17 -10 -3 28 -9 -29
right_child=1 7 6 -5 5 13 17 27 25 10 -12 -13 15 22 -16 24 -18 -19 20 -21 -22 23 -24 -25 -26 -27 -28 29 -30 -31
leaf_value=-0.039811415158397784 0.01674824805390358 -0.040464641834967154 0.089715373203551496 0.053709948059714706 -0.037404139885269659 0.00093678816505067075 0.29958987265442028 0.05143594195042734 0.028583949449972092 0.075680967411111355 0.010095656882707265 -0.029744012579559873 0.040448419915160676 0.090022251069010212 0.072309346925352722 0.062039198444265815 -0.0026078233498803781 -0.044922816237553315 -0.040741413001359028 0.0013815940001424087 0.016701568336662503 0.072292165508823461 0.018339898411666666 -0.040200463491304482 0.029816824260615243 0.065223741311909861 0.041871139651199901 0.071856142795918398 0.010736771665785105 0.052184786906155349
leaf_weight=476.48271401901729 11.335577745921912 2.4411985315382476 0.30766405770555039 23.617152139544487 14.340927882818507 9.2214318006299418 0.35129697620868572 19.051999494433407 3.9680228643119317 5.5366346728987983 82.531283453572541 17.563946911599487 22.762043100781739 2.1689906441606577 1.6951026059687127 10.705890450626613 10.928711561486123 1.8141492656432081 2.4973858720622948 0.92691973736509681 35.473294038325548 0.3548889234662046 1.4324520751833913 14.02368058869615 5.6325747072696677 6.1090739667415619 0.57691667973995198 9.4091017022728902 4.9744946323335162 183.38124307990074
leaf_count=131172 524 123 43 131 3601 422 34 105 45 94 1024 2231 159 74 32 62 215 113 322 68 1023 35 10 3002 32 31 5 51 29 1069
internal_value=-0.0035849 0.0371651 -0.0341262 0.017921 -0.0379013 -0.00636446 9.401e-05 0.0479088 0.011268 0.00786248 0.0142189 -0.0115078 0.0310985 0.0242967 0.0120194 0.0344662 0.0264817 0.0125597 0.0152167 0.0833393 0.0129235 -0.0347605 0.061511 -0.0374239 0.0509308 0.0507962 -0.024726 0.0520217 0.0430095 0.0531448
internal_weight=981.617 420.526 561.091 150.662 505.342 28.8589 55.7493 269.864 127.045 116.967 88.0679 28.8995 53.0473 14.518 10.9165 50.0292 33.6908 41.063 39.2489 1.27822 37.9707 14.6862 3.60144 14.3786 16.3385 10.0771 3.01812 216.817 24.0265 192.79
internal_count=145881 5930 139951 4080 135311 4139 4640 1850 3949 3873 1118 2755 596 538 454 468 374 1560 1447 102 1345 3080 84 3037 94 76 128 1254 134 1120
is_linear=0
shrinkage=0.04


Tree=33
num_leaves=31
num_cat=0
split_feature=20 24 2 7 21 7 39 7 39 14 26 18 6 10 37 21 21 19 2 5 8 38 9 3 5 14 2 21 21 14
split_gain=570.866 143.918 38.791 23.6069 18.6088 17.128 13.3111 13.2074 12.4166 11.1386 10.9622 8.07692 7.53924 11.0494 6.81087 7.06861 6.12683 6.10271 6.0778 5.54802 4.97076 5.24521 5.34511 4.72056 4.7908 4.54152 4.21287 4.19918 3.37991 4.07688
threshold=0.77500000596046459 0.27530848979949957 0.9384731948375703 0.46720430254936224 27.500000000000004 0.88603895902633678 1.0000000180025095e-35 1.0000000180025095e-35 1.0000000180025095e-35 0.43792808055877691 0.58380147814750682 1.0000000180025095e-35 0.7731560766696931 1.5000000000000002 1.0000000180025095e-35 29.500000000000004 53.500000000000007 1.0000000180025095e-35 0.90912610292434703 0.93750000000000011 3.5000000000000004 1.0000000180025095e-35 0.5040983557701112 0.92980295419693004 0.21111111342906955 0.53178024291992199 0.8107104003429414 49.500000000000007 62.500000000000007 0.27543625235557562
decision_type=2 2 2 2 2 2 2 2 2 2 2 2 2 2 2 2 2 2 2 2 2 2 2 2 2 2 2 2 2 2
left_child=1 2 5 9 8 7 19 10 17 11 -1 26 13 18 15 -6 -9 -4 -8 23 -11 22 -22 24 -3 -21 -2 -16 29 -7
right_child=3 6 4 -5 14 28 12 16 -10 20 -12 -13 -14 -15 27 -17 -18 -19 -20 25 21 -23 -24 -25 -26 -27 -28 -29 -30 -31
leaf_value=-0.026413519391737399 -0.00081089466213331925 0.075291280875743244 -0.026870524327498063 0.051005871975762236 0.1059636756757899 0.011714705090901972 -0.016856954515537551 -0.037674127695340232 0.041975572612091019 0.049547004943198962 0.032254890596025654 -0.023667099804715114 0.042532921658544796 0.059878506577574438 0.027346903176889256 -0.01974775565099093 -0.018023150365662516 0.097301006813523008 0.022718732729068953 -0.01676634706191563 0.038024638968293542 0.065295192551637654 -0.0021647005530160629 0.057404852857410815 -0.031041112761101625 0.030936622930489321 0.071960284234005564 0.071359523805410954 0.13654331002813222 0.1315522012457874
leaf_weight=13.869767263298856 2.4635862030554572 0.71557368407957156 37.776914390036836 216.83331683790311 0.81181612261571068 2.3759126286022365 12.013131961459296 461.56214137678035 5.041732183424755 17.835865292232484 8.0552782008890045 11.544794331071898 38.229254916543141 7.1967479230370364 9.5929327255580557 6.0418360787443817 26.863047194899991 0.64408157207071681 12.85035802843049 4.6649182660039523 9.0386371109634691 3.8191357424948356 12.78345983289182 1.1969827732536948 12.893475542077793 10.121853699209167 2.6334964942652732 5.4326082940679052 0.63276269542984653 0.56157606374472369
leaf_count=2919 308 4 7700 1587 63 243 235 122795 28 155 252 1575 220 62 218 510 5173 10 93 411 101 25 220 38 682 61 48 109 13 23
internal_value=-0.0035444 -0.0232821 -0.0309283 0.0448567 -0.00189879 -0.0346192 0.0210613 -0.03523 -0.0170442 0.022678 -0.0048587 -0.005151 0.0305362 0.016231 0.0281873 -0.00485722 -0.0365933 -0.0247889 0.0035972 -0.00144347 0.0333303 0.02205 0.0144816 -0.0187517 -0.0254501 0.0158873 0.0367876 0.04326 0.0526879 0.0346247
internal_weight=956.097 679.145 579.262 276.952 65.3419 513.92 99.8823 510.35 43.4627 60.119 21.925 16.6419 70.2895 32.0602 21.8792 6.85365 488.425 38.421 24.8635 29.5928 43.4771 25.6412 21.8221 14.806 13.609 14.7868 5.09708 15.0255 3.57025 2.93749
internal_count=145881 141862 140056 4019 8638 131418 1806 131139 7738 2432 3171 1931 610 390 900 573 127968 7710 328 1196 501 346 321 724 686 472 356 327 279 266
is_linear=0
shrinkage=0.04


Tree=34
num_leaves=31
num_cat=0
split_feature=15 20 2 21 7 15 7 2 15 7 6 21 9 15 37 26 9 26 21 21 3 7 38 9 4 19 7 15 14 6
split_gain=682.655 43.6083 41.5533 26.7605 17.5576 15.2417 14.1181 11.4695 8.90706 8.61119 9.86298 6.93068 7.02621 12.5627 6.6601 6.12715 10.7292 6.08219 5.3596 5.33973 9.95105 5.16542 6.96237 5.96083 5.54203 5.01314 4.60053 4.56065 4.22862 4.57441
threshold=0.29520697891712194 0.77500000596046459 0.9384731948375703 27.500000000000004 0.98809522390365612 0.19292803853750232 0.87652438879013073 0.706558257341385 0.12310606241226198 0.38790740072727209 0.36297760903835302 53.500000000000007 0.55291152000427257 0.13100686669349673 1.0000000180025095e-35 0.71535181999206554 0.44543650746345526 0.80099010467529308 62.500000000000007 29.500000000000004 0.93582704663276683 1.0000000180025095e-35 1.0000000180025095e-35 0.78629976511001598 0.47727273404598242 1.0000000180025095e-35 1.0000000180025095e-35 0.12310606241226198 1.0000000180025095e-35 0.80217391252517711
decision_type=2 2 2 2 2 2 2 2 2 2 2 2 2 2 2 2 2 2 2 2 2 2 2 2 2 2 2 2 2 2
left_child=2 4 6 5 9 28 11 21 18 15 -11 -1 13 -13 19 16 -2 -12 -8 20 -5 23 24 -3 -23 -21 -17 -16 29 -4
right_child=1 7 3 14 -6 -7 8 -9 -10 10 17 12 -14 -15 27 26 -18 -19 -20 25 -22 22 -24 -25 -26 -27 -28 -29 -30 -31
leaf_value=-0.038508933593677373 0.10191682430610324 0.0058062382422442741 0.042781384198182663 -0.040836303023687875 0.05387001284985244 0.032778787625524254 -0.02729716565559832 0.050445598653795519 0.14942982554424605 0.081654414988951998 0.0031391116536949233 -0.011076388832525992 -0.027102523892496982 0.13908474812092173 0.034039740234963992 0.007193033518546923 0.0012760330396165451 0.02548733989871102 0.09265623444074006 -0.02851317739741337 0.22356588841006406 -0.0044312667021449885 0.067349233991692722 0.058320360328650719 0.062653631200923654 0.06358763724532969 -0.035139805122986284 0.088841072184880299 -0.040261974266752792 -0.027183255095733307
leaf_weight=442.94295296561904 1.9563065101392556 4.856251982040706 2.168563906569033 0.46132675884291785 19.625448927283287 6.6512170182541004 2.1486995599698275 213.25324161350727 0.90273667220026244 3.9202534621581426 32.102992006577551 3.6268914178945151 24.219673353713006 1.18193176202476 14.590882673161106 6.3611858082003918 12.683118615765123 49.572272012010217 0.82472413545474399 5.7449520388618112 0.44981912383809686 15.85968072386459 3.2665265891700974 12.014677613973616 2.2498429119586936 1.1318934159353373 11.593390882946549 2.9152277798857531 27.898847698699683 4.8152318280190229
leaf_count=126021 149 42 31 43 116 67 323 1304 13 30 241 826 4548 31 328 194 977 311 15 527 25 303 20 71 11 9 1194 20 8023 68
internal_value=-0.00349987 0.0369181 -0.0324957 -0.00295997 0.0188332 -0.0227131 -0.0366437 0.046828 0.0393839 0.0130153 0.019678 -0.0372681 -0.0183337 0.0258308 0.0294754 -0.00448146 0.0147249 0.0167032 0.00597373 -0.00129778 0.0896951 0.0266577 0.0135984 0.0432043 0.00390305 -0.0133539 -0.0201416 0.0431656 -0.033294 -0.00545828
internal_weight=931.991 389.315 542.676 66.828 137.815 41.5339 475.848 251.5 3.87616 118.19 85.5955 471.971 29.0285 4.80882 25.2941 32.594 14.6394 81.6753 2.97342 7.78799 0.911146 38.247 21.3761 16.8709 18.1095 6.87685 17.9546 17.5061 34.8826 6.9838
internal_count=145881 4963 140918 9141 3212 8189 131777 1751 351 3096 582 131426 5405 857 952 2514 1126 552 338 604 68 447 334 113 314 536 1388 348 8122 99
is_linear=0
shrinkage=0.04


Tree=35
num_leaves=31
num_cat=0
split_feature=16 20 14 7 16 2 7 6 16 15 7 4 2 2 10 21 40 6 26 32 2 2 9 7 40 2 9 8 19 15
split_gain=653.073 49.055 44.5668 20.0963 18.8353 15.1666 13.4107 12.4315 10.6648 7.72024 7.24365 18.8791 8.76003 4.81819 8.47373 3.70116 3.54762 4.15215 3.17784 23.3449 5.80726 3.10716 3.04461 1.85625 1.47731 2.30604 1.46071 7.12268 1.2048 1.07339
threshold=0.48684211075305944 0.77500000596046459 1.0000000180025095e-35 0.98809522390365612 0.36602871119976049 0.74990746378898632 0.46385017037391668 0.55217784643173229 0.94281044602394115 0.35857143998146063 0.18490028381347659 0.080128207802772536 0.460801512002945 0.77865934371948253 1.5000000000000002 93.500000000000014 49.500000000000007 0.92637759447097789 0.64126753807067882 4.5000000000000009 0.9384731948375703 0.47601704299449926 0.31455026566982275 0.53045761585235607 10.500000000000002 0.82545918226242077 0.31455026566982275 19.500000000000004 1.0000000180025095e-35 0.36602871119976049
decision_type=2 2 2 2 2 2 2 2 2 2 2 2 2 2 2 2 2 2 2 2 2 2 2 2 2 2 2 2 2 2
left_child=2 3 6 8 -4 26 21 9 10 24 12 -12 -2 14 -11 18 17 -7 19 -8 -20 -1 -23 -10 -3 -26 27 -6 -15 -9
right_child=1 7 4 -5 5 16 15 29 23 13 11 -13 -14 28 -16 -17 -18 -19 20 -21 -22 22 -24 -25 25 -27 -28 -29 -30 -31
leaf_value=0.093146049866105529 0.015718477057421517 -0.060389264457519236 -0.039755975231737205 0.053576740185015098 0.30619817079878603 -0.0042903525988010676 0.23803819122821343 0.06409676124448517 0.028101822644517056 -0.0064000918016821721 0.090990734190061748 0.0084150321589599644 -0.030283270595548424 0.031085297110841095 0.036261518078144775 -0.045427770331989741 0.067435149225024929 0.044039109331252088 -0.016968797717253847 0.0093772497380670353 0.020226969019036249 0.084900255917590595 -0.0401836578799162 0.063249117837727409 -0.041622918315877701 0.043615578048167382 -0.040195312889561498 -0.04021330070391807 0.051084183522572629 0.050256519203489482
leaf_weight=0.29975042771547933 11.454657756723465 1.3312137653119855 425.91230898583308 20.18964472413063 0.11549000744708138 7.5932237957604212 0.83177848346531291 9.4559245817363244 3.8807496819645149 10.170083405915646 4.6705415681935838 85.99089908786118 15.703374826814978 6.1770900934934643 27.846013118512928 1.7167139928787936 2.3573923278599969 4.5477555654942989 9.3384699956513924 5.0614047585986555 23.914040800184011 0.31918332166969676 12.685735698789356 6.3189233541488647 1.232720938511193 0.86358399689197529 12.247430644230915 0.53445649240165949 21.933615081012249 172.97257346659899
leaf_count=43 523 30 131168 122 31 462 37 58 45 207 32 1102 2223 33 198 113 46 30 739 351 320 32 3009 33 94 4 3432 138 133 1093
internal_value=-0.00346012 0.0347476 -0.0335905 0.0164869 -0.0376881 -0.00553904 0.000701101 0.045488 0.0106376 0.0310993 0.00724067 0.012669 -0.0108808 0.0341333 0.0248487 0.0120579 0.0225317 0.0138128 0.0145789 0.041651 0.00978109 -0.034179 -0.0371137 0.0498764 -0.0274352 -0.00650847 -0.0370943 0.0213411 0.0466896 0.0509739
internal_weight=907.667 400.192 507.475 148.209 453.308 27.3957 54.1671 251.983 128.019 69.5543 117.819 90.6614 27.158 66.1268 38.0161 40.8624 14.4984 12.141 39.1457 5.89318 33.2525 13.3047 13.0049 10.1997 3.42752 2.0963 12.8974 0.649946 28.1107 182.428
internal_count=145881 5930 139951 4080 135307 4139 4644 1850 3958 699 3880 1134 2746 571 405 1560 538 492 1447 388 1059 3084 3041 78 128 98 3601 169 166 1151
is_linear=0
shrinkage=0.04


end of trees

feature_importances:
feat_address_token_overlap=124
feat_name_char_3gram_jaccard=123
feat_name_jaro_winkler=100
feat_name_sorted_token_sim=78
feat_numeric_token_overlap=60
feat_name_len_ratio=56
feat_name_token_jaccard=48
feat_address_len_diff=46
feat_candidate_rank=39
feat_address_token_jaccard=38
feat_name_len_diff=35
feat_name_levenshtein_sim=34
feat_name_token_count_diff=33
feat_name_token_overlap=30
feat_address_missing_flag=29
feat_address_levenshtein_sim=28
feat_max_name_addr_sim=24
feat_rare_token_hit=24
feat_house_number_exact_match=17
feat_name_sim_x_addr_sim=17
feat_name_last_token_match=16
feat_name_sim_plus_addr_sim=13
feat_block_strength_sum=13
feat_exact_name_core_match=12
feat_house_number_overlap=8
feat_block_count=8
feat_address_token_hit=7
feat_min_name_addr_sim=6
feat_char_3gram_hit=6
feat_house_name_hit=4
feat_address_token_count_diff=3
feat_name_first_token_match=1

parameters:
[boosting: gbdt]
[objective: binary]
[metric: auc,binary_logloss]
[tree_learner: serial]
[device_type: cpu]
[data_sample_strategy: bagging]
[data: ]
[valid: ]
[num_iterations: 350]
[learning_rate: 0.04]
[num_leaves: 31]
[num_threads: -1]
[seed: 42]
[deterministic: 0]
[force_col_wise: 0]
[force_row_wise: 0]
[histogram_pool_size: -1]
[max_depth: 6]
[min_data_in_leaf: 25]
[min_sum_hessian_in_leaf: 0.001]
[bagging_fraction: 0.8]
[pos_bagging_fraction: 1]
[neg_bagging_fraction: 1]
[bagging_freq: 0]
[bagging_seed: 400]
[bagging_by_query: 0]
[feature_fraction: 0.8]
[feature_fraction_bynode: 1]
[feature_fraction_seed: 30056]
[extra_trees: 0]
[extra_seed: 12879]
[early_stopping_round: 0]
[early_stopping_min_delta: 0]
[first_metric_only: 0]
[max_delta_step: 0]
[lambda_l1: 0]
[lambda_l2: 0]
[linear_lambda: 0]
[min_gain_to_split: 0]
[drop_rate: 0.1]
[max_drop: 50]
[skip_drop: 0.5]
[xgboost_dart_mode: 0]
[uniform_drop: 0]
[drop_seed: 17869]
[top_rate: 0.2]
[other_rate: 0.1]
[min_data_per_group: 100]
[max_cat_threshold: 32]
[cat_l2: 10]
[cat_smooth: 10]
[max_cat_to_onehot: 4]
[top_k: 20]
[monotone_constraints: ]
[monotone_constraints_method: basic]
[monotone_penalty: 0]
[feature_contri: ]
[forcedsplits_filename: ]
[refit_decay_rate: 0.9]
[cegb_tradeoff: 1]
[cegb_penalty_split: 0]
[cegb_penalty_feature_lazy: ]
[cegb_penalty_feature_coupled: ]
[path_smooth: 0]
[interaction_constraints: ]
[verbosity: -1]
[saved_feature_importance_type: 0]
[use_quantized_grad: 0]
[num_grad_quant_bins: 4]
[quant_train_renew_leaf: 0]
[stochastic_rounding: 1]
[linear_tree: 0]
[max_bin: 255]
[max_bin_by_feature: ]
[min_data_in_bin: 3]
[bin_construct_sample_cnt: 200000]
[data_random_seed: 175]
[is_enable_sparse: 1]
[enable_bundle: 1]
[use_missing: 1]
[zero_as_missing: 0]
[feature_pre_filter: 1]
[pre_partition: 0]
[two_round: 0]
[header: 0]
[label_column: ]
[weight_column: ]
[group_column: ]
[ignore_column: ]
[categorical_feature: ]
[forcedbins_filename: ]
[precise_float_parser: 0]
[parser_config_file: ]
[objective_seed: 16083]
[num_class: 1]
[is_unbalance: 0]
[scale_pos_weight: 1]
[sigmoid: 1]
[boost_from_average: 1]
[reg_sqrt: 0]
[alpha: 0.9]
[fair_c: 1]
[poisson_max_delta_step: 0.7]
[tweedie_variance_power: 1.5]
[lambdarank_truncation_level: 30]
[lambdarank_norm: 1]
[label_gain: ]
[lambdarank_position_bias_regularization: 0]
[eval_at: ]
[multi_error_top_k: 1]
[auc_mu_weights: ]
[num_machines: 1]
[local_listen_port: 12400]
[time_out: 120]
[machine_list_filename: ]
[machines: ]
[gpu_platform_id: -1]
[gpu_device_id: -1]
[gpu_device_id_list: ]
[gpu_use_dp: 0]
[num_gpu: 1]

end of parameters

pandas_categorical:null
